region,parent_region,subset,amplitude values,amplitude stderr,decay values,decay stderr
#Worldwide,#Global,confirmed,1693204.5624530069,49734.135173929564,-85.59039687472779,0.7765273076700319
#Worldwide,#Global,deaths,117207.31965569148,4341.3362667911315,-120.56255590369118,2.0406730220674363
#Worldwide,#Global,recovered,972162.1029280474,42895.41915096154,-82.32475206348526,1.0739607009763912
Afghanistan,#Global,confirmed,6699.2514069806275,479.82841323159795,-147.63224427785403,6.119682231421166
Afghanistan,#Global,deaths,183.60081578234974,13.512924158912087,-128.17136972758738,4.628376076671641
Afghanistan,#Global,recovered,3272.47036364851,277.27837658058917,-118.16626144675128,4.470193007396893
Albania,#Global,confirmed,207.93401653408623,6.922247181180474,-60.4827541996333,0.4230725208872361
Albania,#Global,deaths,11.797383119815782,0.5159692228752374,-74.20752982883883,0.8544732554715478
Albania,#Global,recovered,176.77226967754393,6.765338110928818,-67.57386280157587,0.6136997908885161
Algeria,#Global,confirmed,3556.5762802135464,189.71662242661867,-98.4353307339701,1.9003352134375027
Algeria,#Global,deaths,226.72416709874983,9.145103815378732,-127.98781540329976,2.5286761832746065
Algeria,#Global,recovered,2550.9031350784708,153.23858971136838,-100.4422006471967,2.234723283501108
Andorra,#Global,confirmed,38.15577485129998,3.1493571088423042,-59.972535082746035,1.0305675189044823
Andorra,#Global,deaths,17.42463073390771,0.9127636186886848,-199.88210758470328,8.65156840823213
Andorra,#Global,recovered,15.754064852037127,1.6807089696242237,-52.810938268325316,1.0217236221389652
Angola,#Global,confirmed,35.82380985746468,2.4192919174100456,-50.740438027116824,0.5950660563257039
Angola,#Global,deaths,3.672178749743757,0.24936189383343943,-66.63319927386,1.05720407493429
Angola,#Global,recovered,6.107044237610581,0.40283507594091195,-43.19650152699616,0.41627038910438957
Antigua and Barbuda,#Global,confirmed,13.762810585432687,0.7131621879317352,-126.80207609513988,3.1837625786099557
Antigua and Barbuda,#Global,deaths,1.1389840473137356,0.0698458529057786,-241.61428808068277,15.295634430466906
Antigua and Barbuda,#Global,recovered,8.854766024275945,0.5510137139561372,-110.0134380070371,2.814506219814038
Argentina,#Global,confirmed,13880.143338095011,964.7582385223383,-65.50631755028579,1.0440287911632444
Argentina,#Global,deaths,233.28172051585534,18.897749290946436,-59.47892523542651,0.9938709337901097
Argentina,#Global,recovered,7234.679439233686,576.1529083718353,-59.136090688091386,0.9655870277298305
Armenia,#Global,confirmed,2222.320151333563,126.34200582280464,-76.36743283979109,1.1800989134921145
Armenia,#Global,deaths,57.91267342571678,3.395527473372429,-87.50980600539052,1.6248039167662567
Armenia,#Global,recovered,1709.9680456490316,119.83495810383052,-77.36826833446156,1.4953113798880344
Australia (total),#Global,confirmed,3516.151948351316,208.42031477592704,-134.92677362583166,4.166087108194257
Australia (total),#Global,deaths,46.43183095882136,4.339719526769396,-96.3998841676567,3.18447102408362
Australia (total),#Global,recovered,2340.8424834186276,145.44007024716967,-118.7233300655306,3.3113579092591254
Austria,#Global,confirmed,31.45885983242496,4.849985735486829,-34.30573687154192,0.6048200352998176
Austria,#Global,deaths,92.03824925900602,10.290135597646957,-99.76012996278918,4.098979661922905
Austria,#Global,recovered,16.893580084104016,3.385859768011894,-33.241704055184094,0.7369502670718846
Azerbaijan,#Global,confirmed,1671.944357386129,138.65613729607998,-76.64895714042426,1.7349555390851432
Azerbaijan,#Global,deaths,32.40085491156459,2.221690614789604,-86.18615253142512,1.839514279091962
Azerbaijan,#Global,recovered,2139.778388906742,146.38114486664458,-89.55140667563246,1.9915576299637519
Bahamas,#Global,confirmed,63.31477522414987,6.17604184033523,-62.94587327862774,1.3479329703801564
Bahamas,#Global,deaths,1.7400080844850199,0.14204845674998248,-66.30405447025962,1.2582593665742254
Bahamas,#Global,recovered,12.440624045444615,1.3133360826966982,-49.61537875048907,0.8878201094592328
Bahrain,#Global,confirmed,5551.241546297583,317.38643215718037,-106.16212572480796,2.3952878853155832
Bahrain,#Global,deaths,16.299962247127187,0.9865188999937767,-96.81139154026341,2.0807495667043914
Bahrain,#Global,recovered,4356.077987199799,265.6534967221279,-99.01210375330426,2.1998975754116494
Bangladesh,#Global,confirmed,31075.780383668287,2040.9171542791853,-108.96309865337052,2.9097732751134946
Bangladesh,#Global,deaths,403.15879235501905,25.529716716795935,-105.18565843740328,2.600661969964934
Bangladesh,#Global,recovered,13918.288955041704,961.4716176274408,-90.35961979636252,2.049883034163017
Barbados,#Global,confirmed,29.74162328964119,1.047069237264206,-136.49837506766636,2.537155075840589
Barbados,#Global,deaths,2.7108358197251903,0.16704579990695417,-261.64634886865304,18.27534549241726
Barbados,#Global,recovered,19.400450417990644,0.7852463652788146,-117.2671519318087,2.1005246389896812
Belarus,#Global,confirmed,11936.73497439188,643.4485139907813,-129.4564962779118,3.463792760695325
Belarus,#Global,deaths,82.81829770407987,3.9535103641145053,-113.78121574764604,2.3213445541566586
Belarus,#Global,recovered,8701.938387256592,554.833969427878,-119.22537559748214,3.4292275009106965
Belgium,#Global,confirmed,1092.2059576039303,145.36049863033443,-49.08893475058977,1.0946387646680864
Belgium,#Global,deaths,3000.2527621807994,168.458289065732,-188.57075921024727,8.168713478762063
Belgium,#Global,recovered,6725.814357694692,608.2491699894662,-288.19737102482276,33.0546626684566
Belize,#Global,confirmed,9.555523988474716,0.715415277204737,-48.19070889796089,0.5925641716521605
Belize,#Global,deaths,0.015791053114710473,0.000987926635822348,-34.312366777836466,0.24563914571526238
Belize,#Global,recovered,4.4978195832276695,0.5621920464458395,-46.95040586309324,0.9371625335516632
Benin,#Global,confirmed,235.16620556496815,16.621562750746264,-114.92244021649869,3.5117804720181516
Benin,#Global,deaths,4.741204678516322,0.41127913325422033,-126.29543372823974,5.283873834574001
Benin,#Global,recovered,123.13728557942869,9.918489946589592,-95.63176382440744,2.6974444708527066
Bhutan,#Global,confirmed,13.711679759619368,0.7986848474061851,-88.59148150035458,1.6569288276110037
Bhutan,#Global,deaths,0.0,,-45.285714285714285,
Bhutan,#Global,recovered,7.1346226056092,0.43849001560965156,-75.93607490499659,1.2604491422318174
Bolivia,#Global,confirmed,10241.841930996741,851.3415952287191,-107.45817933697958,3.574150818197343
Bolivia,#Global,deaths,378.6434893245152,33.29629239137959,-91.6009556316789,2.6865703210025997
Bolivia,#Global,recovered,3098.97471849559,292.33710937949877,-80.49124261648664,2.188560628790393
Bosnia and Herzegovina,#Global,confirmed,282.0119384087874,13.281364549849817,-54.35287272101979,0.4787754054476178
Bosnia and Herzegovina,#Global,deaths,9.86842827800389,0.5948863976013488,-56.602883883851376,0.6670463416533179
Bosnia and Herzegovina,#Global,recovered,287.2836333030485,14.258833614760668,-60.605555423052635,0.6334349575306697
Botswana,#Global,confirmed,17.183699238171062,1.016480398133082,-48.15366837352317,0.4674312307889253
Botswana,#Global,deaths,0.15855792662634197,0.01435827217593853,-57.46043242149051,1.0339330681703116
Botswana,#Global,recovered,0.254803942110867,0.06453257479747308,-29.879324059695232,0.7486945323274907
Brazil,#Global,confirmed,324052.227545379,21020.64325829182,-99.8021850988202,2.3803238524727237
Brazil,#Global,deaths,13532.442319858059,828.8895568514753,-114.08462464067034,2.9956713010562255
Brazil,#Global,recovered,221895.70739850737,15912.879744859192,-91.75960203973762,2.1990171103396374
Brunei,#Global,confirmed,70.5706317466206,3.409424161184845,-333.75459530135606,24.263193882206803
Brunei,#Global,deaths,0.8058352556391668,0.04948281080452366,-197.6285759955205,9.895037230767576
Brunei,#Global,recovered,56.15891745818363,3.139233694215194,-267.69721924119966,17.427975192886766
Bulgaria,#Global,confirmed,10.571324163547304,1.3819918263264683,-32.77708647843502,0.46709307900172625
Bulgaria,#Global,deaths,1.4377906129059115,0.2228034368150182,-40.061672722194,0.836603564120706
Bulgaria,#Global,recovered,140.84881351126648,13.608761777848693,-54.608056892972826,0.9919324499607566
Burkina Faso,#Global,confirmed,232.21019980957882,7.873077663188524,-120.32614459309295,1.8600617031827154
Burkina Faso,#Global,deaths,19.06549081024992,0.9884237469626146,-217.91727486876832,10.337005734904238
Burkina Faso,#Global,recovered,147.67724007145287,6.372132773642928,-107.54587757369364,1.8586328358484587
Burma,#Global,confirmed,15.600291123770164,2.288895212298866,-35.71996539687105,0.6259736216710354
Burma,#Global,deaths,0.46197129522177593,0.08207112191486535,-36.96337722686607,0.8133271459002124
Burma,#Global,recovered,1.8230095464351785,0.3428029481821186,-29.39538991954246,0.5378897683256416
Burundi,#Global,confirmed,42.038814546349705,2.9389268901285446,-106.56579575472323,2.952772739053693
Burundi,#Global,deaths,0.38950015815582956,0.02570072167219419,-262.88050290279426,19.78367154305797
Burundi,#Global,recovered,29.860740190958136,2.2168496409434373,-99.26901921991113,2.69292921432064
Cabo Verde,#Global,confirmed,197.7731587522989,9.607422977974045,-75.99152768775228,0.9978437145436099
Cabo Verde,#Global,deaths,2.087262944262311,0.12438531561794977,-76.38775720592271,1.2376199074726912
Cabo Verde,#Global,recovered,108.19951678170573,6.189479320016116,-67.07273756243706,0.9030300572165314
Cambodia,#Global,confirmed,58.983368604143315,2.5672167229439786,-169.86467235890154,5.044314876600821
Cambodia,#Global,deaths,0.0,,-45.285714285714285,
Cambodia,#Global,recovered,47.22836129376805,2.327018130986513,-153.11558617176394,4.556448950205933
Cameroon,#Global,confirmed,2935.9551267072097,190.56868566346006,-135.90718093045908,4.6337905153817385
Cameroon,#Global,deaths,79.63156318097018,5.290749682574978,-159.60579275177895,6.725326337609854
Cameroon,#Global,recovered,2175.4528589075826,155.52709410011934,-122.95641559713685,4.1096508235638405
Central African Republic,#Global,confirmed,756.3664599580784,63.563790314402496,-145.00634046253606,6.905972713727102
Central African Republic,#Global,deaths,8.38948766108112,0.8092720861288629,-135.42752746318368,6.83474878881696
Central African Republic,#Global,recovered,201.69561138360203,18.814397159179723,-122.73085078585859,5.340856662518843
Chad,#Global,confirmed,182.18139961916785,10.333749389723726,-133.9925007359886,3.9270836820553168
Chad,#Global,deaths,17.652746270945865,1.1795967109269634,-161.40127475039347,6.929185707242102
Chad,#Global,recovered,135.1430461068333,8.512932040327799,-123.72039053956313,3.6698277649726574
Chile,#Global,confirmed,57165.82689465971,3697.945996694923,-127.13370910612716,3.996934633604945
Chile,#Global,deaths,1217.2179150549432,89.10456004988299,-114.14059356984876,3.5840903515530016
Chile,#Global,recovered,46713.61147337833,3294.157184486923,-119.41636608963344,3.805846323116541
China (total),#Global,confirmed,64634.27623137529,1456.5006064626177,-707.776630505061,55.781529179195296
China (total),#Global,deaths,2838.6193109337887,82.93526173423152,-467.43383359104814,30.157586995957754
China (total),#Global,recovered,48697.801422881326,1672.1805411286286,-431.39850131068846,29.85631611132995
Colombia,#Global,confirmed,28790.93666672317,2022.6084386874845,-79.08202459651221,1.5703184136121917
Colombia,#Global,deaths,1079.8501595965565,82.02871287855439,-84.80391113405351,1.9689760041471538
Colombia,#Global,recovered,15689.025958960921,1290.5242678607747,-69.73480096231292,1.409660068464464
Comoros,#Global,confirmed,53.90437825508229,3.682753681778962,-120.54157966534842,3.7626127391101294
Comoros,#Global,deaths,1.2586311941519666,0.11016948447938332,-155.26078782452575,8.34262990786135
Comoros,#Global,recovered,42.300832650339935,3.1756425924751457,-111.7929286175189,3.5147197809961503
Congo (Brazzaville),#Global,confirmed,420.60087703469554,31.760606194440797,-110.44820150080174,3.4442534005138286
Congo (Brazzaville),#Global,deaths,10.117754808923385,0.7068768302568851,-125.91414037714685,4.227894309770241
Congo (Brazzaville),#Global,recovered,141.4962562684109,14.720857819845492,-85.16473049046458,2.720851998362287
Congo (Kinshasa),#Global,confirmed,1495.1887135673762,101.7585564860222,-134.80633119155735,4.773804766143106
Congo (Kinshasa),#Global,deaths,36.24732423836875,2.1132162527028333,-130.06465662231804,3.7844497432429423
Congo (Kinshasa),#Global,recovered,763.7786965002246,70.81446009672769,-106.11096223236248,3.8802804526769115
Costa Rica,#Global,confirmed,1357.1982745822747,101.08467236342503,-65.74715440166464,1.127630574827896
Costa Rica,#Global,deaths,12.221901948917974,1.0760143515892568,-61.431248820435314,1.1557572084133378
Costa Rica,#Global,recovered,347.8282500359747,35.14475397654936,-55.331070018282034,1.0658408151814471
Cote d'Ivoire,#Global,confirmed,2341.4287778317307,171.84566107986268,-127.32561444747434,4.549602820951272
Cote d'Ivoire,#Global,deaths,17.218968838158492,1.1328728250280007,-138.25829744559684,4.8748480883271395
Cote d'Ivoire,#Global,recovered,1444.4928504029654,118.20383514464659,-106.79526439780416,3.472038871991231
Croatia,#Global,confirmed,4.835491520864344,0.4130687289602334,-30.67817121040522,0.2666133945156025
Croatia,#Global,deaths,0.11028554653112581,0.019485537845954793,-32.47392788704875,0.619230091289892
Croatia,#Global,recovered,2.6388341987052697,0.2582858919289737,-29.556850202657206,0.2830367446285155
Cuba,#Global,confirmed,494.7220162343224,16.778775437960196,-108.0492279324574,1.475654605499811
Cuba,#Global,deaths,25.666329992632665,1.3306303101052657,-171.98328694100857,6.172817082271765
Cuba,#Global,recovered,365.101525947824,13.945851264833939,-100.1474905262542,1.412066581301803
Cyprus,#Global,confirmed,4.401772919154759,0.7394557083820008,-40.394804981188294,0.9227820418039024
Cyprus,#Global,deaths,5.005422849052265,0.2737723872711235,-150.68584177820955,4.885432148137782
Cyprus,#Global,recovered,157.80731250433118,7.52077138982258,-117.39923243809659,2.4792806448830778
Czechia,#Global,confirmed,120.6592294408916,19.11012887480279,-36.74039077329832,0.7158698139314016
Czechia,#Global,deaths,0.18483957355911293,0.03288959627142,-29.006464314341624,0.4952169695971836
Czechia,#Global,recovered,4.494069313074402,0.756743259059615,-26.979420491562415,0.40416242040775946
Denmark,#Global,confirmed,865.2575704336045,56.76075713115191,-70.20803308375737,1.140257032312518
Denmark,#Global,deaths,204.2518753038135,10.772469627483096,-209.42587606254187,9.644739783108834
Denmark,#Global,recovered,887.616880750878,59.90254321046518,-75.22552045359004,1.3569929592330627
Denmark (total),#Global,confirmed,79.87826013152387,3.466299569914695,-152.23833480100066,3.963361692466209
Denmark (total),#Global,deaths,0.0,,-45.285714285714285,
Denmark (total),#Global,recovered,64.54720825250016,2.9265912005180983,-139.2360621191711,3.411268755028259
Diamond Princess,#Global,confirmed,529.346125779328,16.083181560587953,-759.6240243149012,87.14762896866068
Diamond Princess,#Global,deaths,7.211718289998687,0.28459078655161724,-403.50897131712867,29.750294240885264
Diamond Princess,#Global,recovered,336.7766977390988,15.992740266407312,-360.0890694206358,28.082471048762077
Djibouti,#Global,confirmed,1182.1008476749353,80.62809491239402,-171.48909274086924,8.072500279792063
Djibouti,#Global,deaths,11.066201462212268,0.8919749350141423,-156.4996813025909,7.816370519705423
Djibouti,#Global,recovered,930.2210338752287,70.48967651585768,-152.06639704430285,6.904588806784702
Dominica,#Global,confirmed,2.159514938070401,0.18681734485353957,-89.36087155734894,2.506882160004915
Dominica,#Global,deaths,0.0,,-45.285714285714285,
Dominica,#Global,recovered,2.8046042825407076,0.21965194063180773,-109.48996021665799,3.506051057736607
Dominican Republic,#Global,confirmed,9011.52043029134,564.978247624093,-106.53059112904141,2.64605787851893
Dominican Republic,#Global,deaths,205.43321678442112,11.39006601543643,-118.07588280668524,2.9202953154354336
Dominican Republic,#Global,recovered,4555.814250104647,313.7869698195241,-91.47122213446676,2.0978257933682767
Ecuador,#Global,confirmed,13031.362989760715,538.9669775091435,-111.19648687061755,1.9141267959479082
Ecuador,#Global,deaths,968.9600165371393,52.92508226180341,-110.9560563301095,2.5160865878736347
Ecuador,#Global,recovered,6100.769078646857,395.0392301126253,-90.29257542574004,1.9183556917791285
Egypt,#Global,confirmed,15119.96880017997,1113.2286588641164,-138.6489663405654,5.48865193112785
Egypt,#Global,deaths,699.3356523356014,50.0108448471911,-126.24323371810928,4.3519074759308936
Egypt,#Global,recovered,5684.347858289224,474.0664396489165,-99.37652572033768,3.0321329775214125
El Salvador,#Global,confirmed,1924.106773783109,141.60290177025746,-98.65419782673051,2.634181405832994
El Salvador,#Global,deaths,50.82903014615724,3.87878936623575,-95.85297326167886,2.5685409925161884
El Salvador,#Global,recovered,779.3060530776369,50.791669431880635,-78.9321924921786,1.4509809172335388
Equatorial Guinea,#Global,confirmed,642.185597424661,50.087879830755575,-132.52974061605795,5.272781053379422
Equatorial Guinea,#Global,deaths,10.099522503145218,0.8728368865633779,-129.47543933571174,5.554904943199009
Equatorial Guinea,#Global,recovered,244.36836839140258,25.5361850837523,-94.7698237569731,3.4324024261415813
Eritrea,#Global,confirmed,34.302959003010905,1.888777212519287,-107.32522184077717,2.361302500037172
Eritrea,#Global,deaths,0.0,,-45.285714285714285,
Eritrea,#Global,recovered,21.28043081225564,1.422986498228515,-95.41357178245494,2.2284796231473316
Estonia,#Global,confirmed,131.30487407339294,15.048613317226987,-73.00907033532786,2.1637420207543796
Estonia,#Global,deaths,22.05497672413048,1.3075226495303163,-208.85286844090422,10.772631617257709
Estonia,#Global,recovered,211.58742416463699,14.857407711365111,-94.20422130114439,2.2773400632413683
Eswatini,#Global,confirmed,329.4628130838661,28.237517687368,-98.11642962126301,3.0325125132917843
Eswatini,#Global,deaths,5.6703717449255455,0.5683966744784558,-94.23683214022273,3.253043141660172
Eswatini,#Global,recovered,182.34244550982865,17.759457586186016,-84.03463377183205,2.4767786489987
Ethiopia,#Global,confirmed,2138.2018255744283,195.38689996114877,-75.88177524551014,1.871694494322948
Ethiopia,#Global,deaths,35.506380257346066,3.1726332929380567,-77.30728642683682,1.9037855752054844
Ethiopia,#Global,recovered,426.293995845833,28.000367453810746,-59.794642877377235,0.8148570954132199
Fiji,#Global,confirmed,7.479705259603143,0.33555243542372004,-178.82848257554028,5.814910619825275
Fiji,#Global,deaths,0.0861072557009873,0.012188311836515826,-90.58317955555334,4.222780998318056
Fiji,#Global,recovered,4.684242828585859,0.2469184555484111,-148.59357510815468,4.567770751063652
Finland,#Global,confirmed,1280.8787083858117,68.49592846310544,-110.79292451924688,2.4556212253233896
Finland,#Global,deaths,104.67024198526113,6.343757315463046,-210.0555334935375,11.157838479996611
Finland,#Global,recovered,1247.4102242519104,69.09801114801657,-124.23111159001276,3.256020117195356
France,#Global,confirmed,3725.4578763371255,354.0349736254134,-48.341056327946035,0.757101980548497
France,#Global,deaths,9466.469495754083,504.72177176560893,-190.18363108308708,7.902467522293108
France,#Global,recovered,19528.24249027188,1002.1532762089477,-165.23626388804433,5.600767888102691
France (total),#Global,confirmed,849.8066206115101,25.234565594315978,-74.12855332827993,0.5788223817907745
France (total),#Global,deaths,10.559499501012215,0.2854989563824227,-83.00322210255511,0.6696208022179628
France (total),#Global,recovered,1025.82530773799,55.56073382575307,-90.12736716103392,1.5981645593355176
Gabon,#Global,confirmed,1254.5676154124963,91.47268202361408,-138.82138598048698,5.450702507793946
Gabon,#Global,deaths,8.961683937352582,0.6468345952420307,-147.71464882460018,6.17445085041989
Gabon,#Global,recovered,654.1486557850808,52.20129427895525,-108.90415279672212,3.531460650406718
Gambia,#Global,confirmed,138.27277763541468,18.278922755678163,-87.247447681626,3.6408414852012956
Gambia,#Global,deaths,4.105900740848197,0.5460804690689728,-85.0537517727847,3.468864245683672
Gambia,#Global,recovered,27.552459169937013,3.349947855335154,-61.56431163092222,1.6038337561284386
Georgia,#Global,confirmed,0.18343255696928382,0.019127821470398546,-23.101832518626093,0.18238149548990737
Georgia,#Global,deaths,0.000486946729613225,6.282990389417148e-05,-21.134255849874624,0.18829914659046504
Georgia,#Global,recovered,0.013860413881591453,0.0024207711910517083,-19.61155101038248,0.21877714124931905
Germany,#Global,confirmed,14541.793265373402,1490.8512825808969,-75.56551264829588,2.081341498026365
Germany,#Global,deaths,2691.763937604348,150.05605094676486,-183.89523666737247,7.6788084953253595
Germany,#Global,recovered,25973.664893907317,1901.3162196859917,-100.54573062018544,2.7291647349594106
Ghana,#Global,confirmed,5124.386776747692,384.50504687941776,-123.0536878644467,4.320651608134529
Ghana,#Global,deaths,27.972788690983464,2.064230660289047,-115.61696200065741,3.7143248595726637
Ghana,#Global,recovered,4041.661197787832,358.1343199559082,-113.0713073000804,4.251365192650335
Greece,#Global,confirmed,10.756657382103286,1.0085541955425363,-33.95677186729266,0.3603592135663022
Greece,#Global,deaths,0.09858220621475638,0.0277396503454955,-31.366184670796287,0.9184049539011218
Greece,#Global,recovered,189.19314971407684,18.529838698526557,-62.39345356261447,1.3283756662204897
Grenada,#Global,confirmed,7.782749636110231,0.400754140006271,-197.48796280156452,8.285368041908933
Grenada,#Global,deaths,0.0,,-45.285714285714285,
Grenada,#Global,recovered,6.130910015452589,0.38332347920952664,-182.2461502744861,8.44725320385981
Guatemala,#Global,confirmed,5285.959608928429,383.2349918153939,-94.33250955161509,2.3582532145969064
Guatemala,#Global,deaths,212.4231401667302,16.21871934724377,-98.90009567695179,2.7474927584111555
Guatemala,#Global,recovered,3228.0977125536383,295.9694070475752,-84.04811299323354,2.3320820081911053
Guinea,#Global,confirmed,1285.5665923157342,67.24847594912342,-125.32885269458859,3.133807042975592
Guinea,#Global,deaths,7.92349761519494,0.4500051849281708,-126.60134119427,3.4775365062179353
Guinea,#Global,recovered,952.566575754743,59.161328141499176,-115.32822473276532,3.1093621675759637
Guinea-Bissau,#Global,confirmed,427.36830979019584,27.74482697058792,-156.99579247680677,6.339831452258038
Guinea-Bissau,#Global,deaths,4.5621840495700505,0.3164703213469349,-125.73438459061516,4.184753705412952
Guinea-Bissau,#Global,recovered,77.69485463705558,5.115998193066447,-88.52541700905262,1.870107630309391
Guyana,#Global,confirmed,40.82610111721795,3.29831014237077,-62.35839866435133,1.0944190537779273
Guyana,#Global,deaths,1.8046357172807292,0.11473656093807413,-68.57011363542271,1.0516454826628132
Guyana,#Global,recovered,14.048779384486995,1.2081349023101087,-53.360670973817584,0.8412644473996597
Haiti,#Global,confirmed,1228.7313916195437,95.34675248708753,-137.157524644696,5.651310119122964
Haiti,#Global,deaths,26.01947550447742,1.9283578226285856,-126.9350394530799,4.563766258206226
Haiti,#Global,recovered,462.4498659053731,42.943072683708635,-101.58443686448972,3.539344272185273
Holy See,#Global,confirmed,3.2387928167977798,0.19550686339118467,-144.97537498033557,4.957731206450773
Holy See,#Global,deaths,0.0,,-45.285714285714285,
Holy See,#Global,recovered,2.4124721020087936,0.18027990948514305,-153.68677769640718,6.966070979417895
Honduras,#Global,confirmed,4381.574681640016,284.59934545533866,-92.66820528560253,2.03377805051272
Honduras,#Global,deaths,150.42326921595583,10.516732186690234,-98.7711740051334,2.5089236666589123
Honduras,#Global,recovered,417.7810877380352,36.95773810002409,-63.69158978361839,1.2526585840417963
Hungary,#Global,confirmed,4.428904039991327,0.3111617422842259,-28.91974437653422,0.19432891223455714
Hungary,#Global,deaths,1.7537892372759902,0.3559055603235463,-39.910284872910076,1.0871970311190449
Hungary,#Global,recovered,0.991478350390308,0.1365728081763558,-28.543792634633498,0.37080338723884726
Iceland,#Global,confirmed,460.86830541216597,24.067945753610818,-126.87987231581639,3.2128623561901497
Iceland,#Global,deaths,2.7085569574291033,0.19981654121206868,-151.79271373496675,6.694710286725383
Iceland,#Global,recovered,388.69061325740086,23.66141154402244,-124.51451400698127,3.595823585722917
India,#Global,confirmed,170354.57225568822,13469.395672960893,-74.66029627337439,1.5643976014613574
India,#Global,deaths,3953.331861827134,270.18897400477726,-83.921793015496,1.7328833436805118
India,#Global,recovered,102699.44423136415,8429.696567458976,-67.65128876454986,1.319607047343108
Indonesia,#Global,confirmed,8293.86624844293,346.4534260470684,-73.52194534749455,0.8002480013184826
Indonesia,#Global,deaths,544.3633331365077,22.86375019913261,-88.35382363644402,1.1879990420192699
Indonesia,#Global,recovered,3872.0141286501416,203.71741306471336,-64.47849784868725,0.7645267447228912
Iran,#Global,confirmed,37187.663439793774,1177.1740468972191,-98.33964007273707,1.1254008740654284
Iran,#Global,deaths,2201.3083870643854,55.910948744127914,-101.25596637975994,0.9612993681271451
Iran,#Global,recovered,37123.77250244673,1316.5367113149746,-108.40688767478825,1.5540148280434805
Iraq,#Global,confirmed,11601.874147632308,810.643754502092,-77.70386219841515,1.5047369353686182
Iraq,#Global,deaths,492.3310606460579,35.84874728030172,-92.07892426658141,2.249389915364365
Iraq,#Global,recovered,7189.677922600666,526.3801154618133,-71.74563880948975,1.331845941009478
Ireland,#Global,confirmed,5282.470947254083,267.3844223954491,-119.34232706854145,2.7281461162453544
Ireland,#Global,deaths,560.335923745566,33.54984394690451,-211.80275819601314,11.223475259288254
Ireland,#Global,recovered,7105.907722974237,487.7071264508864,-214.2537980828701,13.185563598211106
Israel,#Global,confirmed,7240.561326982585,586.3412777930087,-77.343279340447,1.7268297109088406
Israel,#Global,deaths,49.866437497021394,2.655285690814508,-74.47894309080725,1.04830208430803
Israel,#Global,recovered,3640.698212096424,321.53793480147203,-66.75937377069022,1.3805198483255081
Italy,#Global,confirmed,3924.2983452174403,704.624678636746,-52.95682939569331,1.7297314266711892
Italy,#Global,deaths,12379.678191322708,618.0306156737083,-217.4988600951759,9.909885395541904
Italy,#Global,recovered,24836.347713811974,2272.497132951545,-102.41864013145377,3.5490253433735113
Jamaica,#Global,confirmed,102.1892356738067,9.639652657600509,-64.92307929860894,1.3906164083017776
Jamaica,#Global,deaths,0.7357763998455539,0.08837063584317066,-52.12698617956068,1.1195641596166763
Jamaica,#Global,recovered,23.32914442724306,1.8699354761336295,-55.23385407530218,0.8427446241320892
Japan,#Global,confirmed,4565.952493932014,195.6296878703358,-89.73494034766411,1.2525661547670721
Japan,#Global,deaths,245.27761556034636,10.948995272236624,-140.9345140604304,3.4481656270559293
Japan,#Global,recovered,3337.5211162161545,176.52796840722394,-85.32608868368352,1.389062982321371
Jordan,#Global,confirmed,1.0863206509710912,0.1522742081909804,-25.484362848412033,0.29938784006728864
Jordan,#Global,deaths,0.004345871488681314,0.0007360333691195272,-23.322760776057066,0.3021727360246724
Jordan,#Global,recovered,2.149138500700814e-06,1.6117759287191215e-06,-12.500970752053655,0.3770880025395349
Kazakhstan,#Global,confirmed,11187.627727962921,924.1840945587008,-106.94773449147544,3.515731801428131
Kazakhstan,#Global,deaths,111.45905585961155,11.156494441023995,-94.53996631371139,3.270688221215628
Kazakhstan,#Global,recovered,7015.540211776276,603.1527477797107,-95.9370724844424,2.8988091394132396
Kenya,#Global,confirmed,1323.0889415294844,80.1238357754646,-75.09695458824032,1.213331945650735
Kenya,#Global,deaths,24.246004360401656,1.1105205882781932,-75.58071787461732,0.9301999428696398
Kenya,#Global,recovered,591.5970693655571,37.738312178681014,-68.1249314817858,1.040797671973747
"Korea, South",#Global,confirmed,4668.95573970008,131.12835967278184,-158.89256265962734,2.815098082848999
"Korea, South",#Global,deaths,104.43002225156964,3.732693006048471,-186.78607657184898,5.0943115405236385
"Korea, South",#Global,recovered,3438.2387594828756,118.51939216348254,-144.0977905617878,2.7940290165041897
Kosovo,#Global,confirmed,432.7340413190149,29.82431715860827,-70.66944580665039,1.2146706730091645
Kosovo,#Global,deaths,24.82568053467549,2.033971091755533,-83.23824459877507,2.041251370030685
Kosovo,#Global,recovered,413.9171046099919,28.972399823742016,-76.85466692350006,1.472571431380375
Kuwait,#Global,confirmed,9306.684791398025,482.0057898294449,-108.61921641170896,2.279072815251929
Kuwait,#Global,deaths,66.76774297123896,3.5576223898321095,-115.43648602452967,2.6729583532813286
Kuwait,#Global,recovered,6864.283317041958,393.1841974457914,-99.91116870099806,2.1066198548871546
Kyrgyzstan,#Global,confirmed,2878.740273208398,244.75679777336114,-93.31216453642324,2.702226910990957
Kyrgyzstan,#Global,deaths,111.39304337683711,14.684367607956048,-117.40391138952623,6.858330929302678
Kyrgyzstan,#Global,recovered,2094.95303795332,192.87652627627313,-88.23172845418149,2.5968036764010183
Laos,#Global,confirmed,7.36339239924486,0.39145461017991007,-211.09234322612198,9.89039333744624
Laos,#Global,deaths,0.0,,-45.285714285714285,
Laos,#Global,recovered,5.175926923369992,0.3245076818453326,-180.3388253486738,8.276383204027475
Latvia,#Global,confirmed,0.4507593336170712,0.08297540810567568,-29.70243245287603,0.5376226331377641
Latvia,#Global,deaths,0.22958440324070767,0.04780472333907117,-47.10199751418672,1.5726083896871825
Latvia,#Global,recovered,229.47313222700373,12.584205868882565,-148.7325006526216,4.761156551114446
Lebanon,#Global,confirmed,180.83891216287404,11.925297046959408,-47.08209048588728,0.4974969537099848
Lebanon,#Global,deaths,2.700734542353422,0.13112830071875212,-52.27937270237993,0.4551408467776067
Lebanon,#Global,recovered,23.304573113227377,1.3914837022672177,-38.23974621662698,0.29303100339055993
Lesotho,#Global,confirmed,56.59168258874863,5.307181254477415,-81.49816339363018,2.233799534847983
Lesotho,#Global,deaths,1.6676219309529174,0.18521267782257525,-88.34865160321488,3.140601484761327
Lesotho,#Global,recovered,17.025532920123652,1.7698308150201494,-70.03913038838232,1.7980138715880614
Liberia,#Global,confirmed,186.6652184579616,12.838990865380213,-134.0047667295957,4.7626372465446805
Liberia,#Global,deaths,12.983162741836168,0.9033183521036195,-146.94649111250348,5.884690847378546
Liberia,#Global,recovered,93.2270915918777,6.9646752215790615,-107.47979489785725,3.2138096237164366
Libya,#Global,confirmed,275.1865009865296,23.87183277655434,-53.61617479248648,0.8574107873722483
Libya,#Global,deaths,5.616888095906573,0.42917262852477206,-57.367828939590446,0.8694834428300846
Libya,#Global,recovered,60.30362721762212,7.567129594294711,-45.370336138209815,0.8763150170682403
Liechtenstein,#Global,confirmed,0.05985077328691368,0.01310173492896869,-31.175621991563695,0.7062611003958155
Liechtenstein,#Global,deaths,7.785987897760845e-08,4.413568120175258e-08,-16.369724140148808,0.4922102678379506
Liechtenstein,#Global,recovered,0.011930875742827255,0.0034499063965835607,-27.320512895688584,0.7118223705570403
Lithuania,#Global,confirmed,0.07761860449784624,0.012375744331970775,-23.025867573759808,0.2769762878717973
Lithuania,#Global,deaths,1.0415842435904157,0.21901423032843553,-52.57016545506183,1.9952275434764424
Lithuania,#Global,recovered,0.8106026482177727,0.25394900643322416,-31.98247178883427,1.064184029269183
Luxembourg,#Global,confirmed,191.4557073068698,21.711986302647365,-61.32150662491043,1.48379142434194
Luxembourg,#Global,deaths,28.816516159307433,1.7914556533992176,-147.66182700956446,5.313613697676993
Luxembourg,#Global,recovered,335.2127443848536,35.23551359835676,-76.49599103649922,2.1899806787166165
MS Zaandam,#Global,confirmed,4.07075362246675,0.23767984781950224,-306.72797053001,24.443535686760704
MS Zaandam,#Global,deaths,0.8955038721449033,0.05327362023999122,-303.26129512141193,24.281419086197115
MS Zaandam,#Global,recovered,6.837765817333854e-170,,-0.8074305590751651,
Madagascar,#Global,confirmed,1251.0402721565945,120.20599882841458,-107.61725749486051,4.144520714913465
Madagascar,#Global,deaths,12.91537718749547,1.2900268890843642,-96.71836275553044,3.4265779239986944
Madagascar,#Global,recovered,917.1927419099062,97.8345005811573,-98.49812871135433,3.805552662365748
Malawi,#Global,confirmed,496.6473750349892,47.168867661342624,-112.62957450205808,4.518268870104806
Malawi,#Global,deaths,13.17168716892716,1.4255413634196048,-106.51821370443875,4.566972024863976
Malawi,#Global,recovered,187.51557263821266,17.2801042843218,-86.69476371713408,2.503365518334669
Malaysia,#Global,confirmed,93.28353272710419,14.243055640454946,-48.13021222202144,1.2060088946810463
Malaysia,#Global,deaths,25.88695801422268,1.6088296690393646,-125.25970729461199,3.7187178577857343
Malaysia,#Global,recovered,107.88720014703568,18.814895569472164,-51.639464097386174,1.5940529229173708
Maldives,#Global,confirmed,589.9598324275001,38.52487954989592,-95.4773909365714,2.179505451848775
Maldives,#Global,deaths,2.30448988040726,0.13744156586294215,-99.69360813658828,2.1832294368048846
Maldives,#Global,recovered,330.2398753971074,25.046431543475524,-82.8269335718008,1.8697972734802715
Mali,#Global,confirmed,443.42496684375413,23.838396583867723,-130.67978131402896,3.525574678173707
Mali,#Global,deaths,27.855972434683036,1.7933513614997487,-167.27553062381838,7.217513670602102
Mali,#Global,recovered,302.6753438416915,17.936244462876644,-125.70842605365542,3.573414656546117
Malta,#Global,confirmed,31.191395429165723,1.1464859369143894,-54.03095496562293,0.36907794007694317
Malta,#Global,deaths,0.06502166345117366,0.005049398673366731,-40.95521347807126,0.43894668889330657
Malta,#Global,recovered,21.99698614406207,0.9360173764134653,-53.557880432287135,0.4195190679158821
Marshall Islands,#Global,confirmed,5.571862567723569e-07,3.586481875690586e-07,-19.693169136166965,0.8156582383944104
Marshall Islands,#Global,deaths,0.0,,-45.285714285714285,
Marshall Islands,#Global,recovered,6.421737047363642e-12,1.064133668722143e-11,-11.9288419280936,0.7601099306932146
Mauritania,#Global,confirmed,867.4624991317522,73.25986377408839,-125.21499786100156,5.049528053582191
Mauritania,#Global,deaths,25.29107713633049,2.1770001418088483,-143.76384837923126,6.941685032625427
Mauritania,#Global,recovered,550.732566386644,52.820616443351554,-107.82503572967448,4.154600570357886
Mauritius,#Global,confirmed,133.13622369782274,6.724980793206862,-224.92370967054958,10.787309484904569
Mauritius,#Global,deaths,4.386991343573094,0.24343537997253759,-296.84116374126535,21.622072959720715
Mauritius,#Global,recovered,108.24183086306097,6.569133840486434,-204.6422357953249,10.553939386024437
Mexico,#Global,confirmed,47382.44296625181,2657.967675676897,-95.52702772073569,1.8742307492543153
Mexico,#Global,deaths,5815.799141136053,352.0773952260964,-102.45246362882533,2.3497834077488315
Mexico,#Global,recovered,40427.59186613276,2690.1669323007272,-97.61438499333417,2.3284615571554586
Moldova,#Global,confirmed,2051.9605986223773,54.46664512078877,-78.47663778904291,0.5837096127924719
Moldova,#Global,deaths,87.0239077552711,3.1076658290607995,-93.93428963430176,1.151097506482087
Moldova,#Global,recovered,921.3117858802024,28.315327531428476,-68.13154746224062,0.5014429546327902
Monaco,#Global,confirmed,9.360169750463594,0.7317700947075295,-75.61002561553744,1.58912903566382
Monaco,#Global,deaths,1.6881357929122323,0.14313517135557938,-485.1409011234074,94.77507003661599
Monaco,#Global,recovered,5.426307755759108,0.50187162369485,-68.97349622150473,1.5488279251565582
Mongolia,#Global,confirmed,39.02880944125617,2.9499049825851937,-114.58029970133002,3.731298159342455
Mongolia,#Global,deaths,0.0,,-45.285714285714285,
Mongolia,#Global,recovered,37.22977606617776,2.7703568269687984,-127.87988984185414,4.656563181541294
Montenegro,#Global,confirmed,53.4285943786713,1.762102231245128,-48.002515109486886,0.25893942079258614
Montenegro,#Global,deaths,1.4687196316542621,0.04242887727295117,-53.48633137986923,0.2840203136945363
Montenegro,#Global,recovered,40.29117690035339,1.953708454074031,-48.87122953811628,0.39509990220684443
Morocco,#Global,confirmed,909.3396283793469,33.34207770770242,-51.90847617765219,0.33870000252560767
Morocco,#Global,deaths,19.240928464496587,0.810941116228791,-54.199383202488704,0.42595742360095096
Morocco,#Global,recovered,605.6152879813566,23.034174606996384,-49.936128092714085,0.32414788193920796
Mozambique,#Global,confirmed,138.63691257873336,10.09100798963596,-64.17009995687027,1.047055113699956
Mozambique,#Global,deaths,0.6127524413917331,0.03873642836362899,-57.30233783004498,0.7174501377701907
Mozambique,#Global,recovered,39.43211703065096,3.705435792994656,-52.1445636744469,0.8761438819359159
Namibia,#Global,confirmed,320.3324379540703,35.097676793464935,-77.94320705166291,2.37435751393621
Namibia,#Global,deaths,2.8475883564397697,0.3709203739345203,-74.85960200659135,2.5918356277966588
Namibia,#Global,recovered,115.364145475044,14.94311920007762,-63.181850750275316,1.8032168994456332
Nepal,#Global,confirmed,726.1951876465565,50.24834726677151,-53.10743353409945,0.6703634712091322
Nepal,#Global,deaths,2.7768778300443393,0.18005786906264415,-49.18434390486305,0.5355278078609786
Nepal,#Global,recovered,221.55272062190392,12.700824603890663,-44.98552306950839,0.3934730014851645
Netherlands,#Global,confirmed,1025.0488861265944,101.35643249239135,-49.63941782420914,0.8323819334263901
Netherlands,#Global,deaths,2010.725646996899,106.1698446892603,-201.05726820974627,8.83483469371204
Netherlands,#Global,recovered,0.0,,-45.285714285714285,
Netherlands (total),#Global,confirmed,85.73089414442039,8.415856157079157,-66.50017713505656,1.5223118368725572
Netherlands (total),#Global,deaths,3.6598867449373875,0.16118009277581447,-99.70338233240433,1.6125450007971212
Netherlands (total),#Global,recovered,39.520402058471596,4.926069263607707,-58.46031957957688,1.4755871732578667
New Zealand,#Global,confirmed,617.6212244459336,30.837009090924994,-231.1838138850341,11.320207846240601
New Zealand,#Global,deaths,7.6477344054477525,0.4628550091669881,-220.59139152047084,12.394355688905286
New Zealand,#Global,recovered,505.8060314769445,28.101216744641366,-204.6697633985275,9.664173705172628
Nicaragua,#Global,confirmed,523.1084898340978,38.473766708608885,-118.61148453861746,3.91186985245088
Nicaragua,#Global,deaths,18.403569885230038,1.3329867204169468,-129.3814431897512,4.648257272321161
Nicaragua,#Global,recovered,311.0593630996463,23.46662753340291,-110.10723186415156,3.4182238653454866
Niger,#Global,confirmed,349.0104636488313,18.874570916264826,-202.64000992831765,9.205667921196182
Niger,#Global,deaths,21.10905171827462,1.3263526061761983,-214.56302278655744,12.10897596047932
Niger,#Global,recovered,274.23022704082535,16.974837402375567,-185.13033859616996,8.652350346821878
Nigeria,#Global,confirmed,6199.712486769773,435.4446141232612,-120.0839133656561,3.8365091562702394
Nigeria,#Global,deaths,146.49899146375972,10.173654184419824,-134.02760177306612,4.810375663258291
Nigeria,#Global,recovered,2856.3416430972466,227.9668828718791,-94.59553558718325,2.6116190020601713
North Macedonia,#Global,confirmed,277.88731009095255,17.660922749454002,-58.45071643497598,0.7519844863655033
North Macedonia,#Global,deaths,36.069273090599694,1.6829927435181238,-82.43406211238444,1.1388626154013646
North Macedonia,#Global,recovered,316.0504034962161,15.976121574969444,-66.01242873062478,0.7717594005178866
Norway,#Global,confirmed,1562.2419096486797,96.48758426744094,-105.23274637740003,2.5391135335431967
Norway,#Global,deaths,89.07237408508793,4.779698842201367,-221.83384406626647,11.122817038610723
Norway,#Global,recovered,1479.00697809091,108.7529734825619,-125.9707896446673,4.45402775081712
Oman,#Global,confirmed,9373.094246092449,665.863636893006,-112.56374133647648,3.3754529452476647
Oman,#Global,deaths,40.301139419882304,2.4948675929106563,-84.16710158874422,1.579182197237962
Oman,#Global,recovered,6601.806190669868,537.2647004264578,-102.52000350258344,3.163330928835053
Pakistan,#Global,confirmed,43887.8328781333,3049.1411459147093,-133.34551292972205,4.759628540976798
Pakistan,#Global,deaths,936.5171033610777,67.2500258161547,-135.6913608248737,5.108844762688369
Pakistan,#Global,recovered,30127.03070254118,2528.5743509335166,-118.05565176796135,4.419046555695578
Panama,#Global,confirmed,7610.315545721859,426.57968370543136,-98.21524241837444,1.9873027777218992
Panama,#Global,deaths,182.87369608726704,11.209061867413121,-104.76695316139399,2.4958360104059905
Panama,#Global,recovered,3784.050313906606,210.3821436285999,-83.81375649680813,1.40564055014148
Papua New Guinea,#Global,confirmed,20.241558177478762,2.441530429447893,-84.75045977896312,3.123017902315405
Papua New Guinea,#Global,deaths,0.23899578300426708,0.031093718072624614,-85.15361924496152,3.401633513179061
Papua New Guinea,#Global,recovered,8.129451016389218,1.1211398807716866,-68.90177183882558,2.3048455450297514
Paraguay,#Global,confirmed,487.1695929785405,42.022221909846586,-59.52782002221867,1.0602033375640578
Paraguay,#Global,deaths,7.890765374570461,0.858345192257022,-56.2711599424282,1.1889762826936565
Paraguay,#Global,recovered,203.01418052830002,17.333994265986608,-54.06976984267288,0.8585483938860772
Peru,#Global,confirmed,63826.79889327055,3783.418951383504,-107.30026518026007,2.540771570876551
Peru,#Global,deaths,2712.7562521396935,201.76332455077912,-110.7935329125514,3.4152713174042435
Peru,#Global,recovered,34302.22954663214,2135.962869700695,-90.66587896650984,1.8611002885888492
Philippines,#Global,confirmed,11890.400619532633,898.4059278669981,-82.93136610619096,1.8677485719291036
Philippines,#Global,deaths,245.8885986704729,11.448793840147262,-85.2759826803859,1.2213903714965244
Philippines,#Global,recovered,5521.146216531292,509.3409357163853,-70.35037240936103,1.6105556506480685
Poland,#Global,confirmed,20.415762390084723,3.0282179599654646,-28.834146723213074,0.40777971372127475
Poland,#Global,deaths,1.3945442493860545,0.2782810162455238,-33.37452851518993,0.7396904660508903
Poland,#Global,recovered,2.4795470884476862,0.4830212839550446,-25.388043931032097,0.4126484966133199
Portugal,#Global,confirmed,1415.4511082013732,146.38840036021108,-59.67048192332566,1.2779243595799432
Portugal,#Global,deaths,344.1957992818716,18.881744376958242,-131.4214586660869,3.6417609132193896
Portugal,#Global,recovered,547.1285030538428,77.48206100149294,-53.91016698570937,1.4159342390804088
Qatar,#Global,confirmed,21908.019062754727,1444.617569072748,-151.091473725093,5.924625599165181
Qatar,#Global,deaths,26.458537504899294,1.9065737192684753,-128.37531917102646,4.5471723454045225
Qatar,#Global,recovered,17057.27091224681,1330.7232257871574,-135.2733103594891,5.513395326110477
Romania,#Global,confirmed,895.6668792908603,37.61579127233469,-49.97406815199032,0.3584959853689883
Romania,#Global,deaths,192.16108118738484,5.066702651157882,-77.53752939963272,0.5652146899239464
Romania,#Global,recovered,342.8377921186388,17.173026558685518,-45.261257139987954,0.3481537477881078
Russia,#Global,confirmed,101191.18162076462,4286.241009575416,-100.92431164009149,1.5919692639795036
Russia,#Global,deaths,1426.5082854729078,62.261876253527,-94.15320384117796,1.413913906959109
Russia,#Global,recovered,64492.163917224665,3311.1060983013135,-94.61173937315567,1.6805997266834602
Rwanda,#Global,confirmed,276.20238755173375,21.068890202023145,-96.47363905577066,2.6032096795039954
Rwanda,#Global,deaths,0.558501959599163,0.0442987759646803,-68.32132332698313,1.3018630846444106
Rwanda,#Global,recovered,102.01695878231867,6.936401571920847,-75.49451200263358,1.3773308625715848
Saint Kitts and Nevis,#Global,confirmed,6.237606033066788,0.32136378141664135,-232.2391187492342,11.797633687076
Saint Kitts and Nevis,#Global,deaths,0.0,,-45.285714285714285,
Saint Kitts and Nevis,#Global,recovered,4.406856625610653,0.2928303501678849,-185.16093122106983,9.293793521731672
Saint Lucia,#Global,confirmed,0.0053618418485888745,0.0014624483080121447,-28.98740178311524,0.7575576966415358
Saint Lucia,#Global,deaths,1.2712877460885139e-07,1.0885511103029744e-07,-18.694844667206088,0.9764415730338627
Saint Lucia,#Global,recovered,1.3823370024682478,0.25693299030236155,-78.05734707311808,4.042269414140326
Saint Vincent and the Grenadines,#Global,confirmed,8.856310999512306,0.43504549998553904,-130.80992030489335,3.2284043989178928
Saint Vincent and the Grenadines,#Global,deaths,0.0,,-45.285714285714285,
Saint Vincent and the Grenadines,#Global,recovered,6.806247033170406,0.39568941203152164,-119.41383591306088,3.1374485635337908
San Marino,#Global,confirmed,207.66643285331958,11.123830610078947,-170.85342192465097,6.287279661054774
San Marino,#Global,deaths,19.399908733123503,0.9729857420064035,-311.8339807489389,21.752659517051285
San Marino,#Global,recovered,117.9507092314768,8.195218368586078,-138.45457227378995,5.164300253471672
Sao Tome and Principe,#Global,confirmed,166.83128258078455,11.876096969030623,-154.8990230375153,6.751620448585352
Sao Tome and Principe,#Global,deaths,3.2898185530517177,0.23357197794065845,-169.521863867755,8.194192555213364
Sao Tome and Principe,#Global,recovered,84.90594434453554,8.021906861595864,-117.19404298413576,4.8965937631647245
Saudi Arabia,#Global,confirmed,45678.221570162445,3183.702228829671,-135.54749619296203,4.947330981383234
Saudi Arabia,#Global,deaths,372.9449568595103,24.222452937427256,-105.91451639223536,2.7072379247561247
Saudi Arabia,#Global,recovered,33591.1443293288,2486.980050175643,-121.24007999818815,4.128654767395461
Senegal,#Global,confirmed,1713.7460085938126,111.90660482107727,-126.06841997742387,3.9620828267767263
Senegal,#Global,deaths,29.710033323691622,2.2496297453994933,-117.15454408552776,3.9214296199734155
Senegal,#Global,recovered,890.4813135497006,50.828538319798106,-102.09911942784721,2.1990454990416097
Serbia,#Global,confirmed,116.058445046241,26.971859564985124,-44.090361476923384,1.5293748690771525
Serbia,#Global,deaths,73.62417098789209,4.1727585917392584,-108.44829283827518,2.4855928627478994
Serbia,#Global,recovered,2320.897935274166,501.24994683910137,-21863660.85205915,361841413237.76135
Seychelles,#Global,confirmed,15.326245704491063,1.234136460764015,-119.61894717266598,4.361802808026017
Seychelles,#Global,deaths,0.0,,-45.285714285714285,
Seychelles,#Global,recovered,8.963485842490657,0.9381451080562071,-99.9636468467575,3.854200113811325
Sierra Leone,#Global,confirmed,332.9046176082112,21.95320885275965,-140.77401220230382,5.081419821976425
Sierra Leone,#Global,deaths,14.753979704539223,1.0309122548580234,-166.3220672466797,7.737028658090834
Sierra Leone,#Global,recovered,217.40330592051143,15.945905687021712,-131.138563026566,4.846717803018317
Singapore,#Global,confirmed,12470.091956599868,767.3675624111909,-173.26199366095744,7.447580760994104
Singapore,#Global,deaths,8.66447086306738,0.49764422998686386,-220.37332966284768,11.73169566548399
Singapore,#Global,recovered,8744.150924245496,638.5303100271849,-144.02923465383154,5.913168951642386
Slovakia,#Global,confirmed,8.7531676145507,1.3664454041490932,-32.88734498342229,0.5617913945925198
Slovakia,#Global,deaths,0.0010267389858179918,0.00019103263699027644,-22.910009584705264,0.31992298944686953
Slovakia,#Global,recovered,0.007689294278398763,0.0012110282286926174,-19.601104321463136,0.19713958851690477
Slovenia,#Global,confirmed,1.5522620443913309,0.24056798888628717,-28.770779103712343,0.4243778017529448
Slovenia,#Global,deaths,0.005180328943697315,0.0016598360188629527,-24.997764349721685,0.65784070344411
Slovenia,#Global,recovered,0.0627350487785733,0.011836975103143542,-22.80404818255963,0.3213863702632406
Solomon Islands,#Global,confirmed,0.00038684944392122284,0.0001378913532995867,-28.76643718832037,0.9743113295835244
Solomon Islands,#Global,deaths,0.0,,-45.285714285714285,
Solomon Islands,#Global,recovered,0.00026443271452097553,0.00011252886165936337,-31.064079217963943,1.3645742592368746
Somalia,#Global,confirmed,659.1715864747531,39.96472030602877,-150.5829413009519,5.406742924428647
Somalia,#Global,deaths,23.561553356063982,1.520212270968136,-177.95036224402858,8.273369607093027
Somalia,#Global,recovered,231.4701658558662,16.789909487075178,-107.20711255300756,3.1032478293763055
South Africa,#Global,confirmed,55654.17894745883,4886.833471647683,-108.92220004161085,3.8872038017838637
South Africa,#Global,deaths,929.4048722492975,76.30855312326148,-93.71931108266098,2.6334430214448954
South Africa,#Global,recovered,36919.282212536644,3433.0739979828572,-97.83794290525094,3.270223294521794
South Sudan,#Global,confirmed,411.99615312966955,29.73724415677171,-140.18510757545695,5.5107749800409636
South Sudan,#Global,deaths,6.9833767010166365,0.5324238400207317,-131.69101829830137,5.083706316721233
South Sudan,#Global,recovered,92.31146101841166,11.429296694063924,-98.82700286237072,4.448918823563681
Spain,#Global,confirmed,28518.88515111907,1141.247312595939,-76.44198036099927,0.8324094032364501
Spain,#Global,deaths,9805.522940438103,483.80055767487494,-202.69643398722715,8.401132586573771
Spain,#Global,recovered,54939.44384456364,3277.4444811621347,-248.5162490826481,15.821824891196535
Sri Lanka,#Global,confirmed,6.768558525248811,1.0247531464843735,-38.312365685860925,0.7455767350626513
Sri Lanka,#Global,deaths,7.6113467773765e-05,3.6084388770038815e-05,-21.98961389753555,0.7487358143491333
Sri Lanka,#Global,recovered,4.74185061112571,1.0421094802006594,-38.46889591889692,1.091023061168571
Sudan,#Global,confirmed,2006.9148575834363,138.0266892527412,-137.7027006659245,5.051538985359724
Sudan,#Global,deaths,112.84266488517694,7.799168629207769,-127.40087844850669,4.289936513638653
Sudan,#Global,recovered,784.6853744084382,59.66866569363899,-118.88581469013275,4.064680847115409
Suriname,#Global,confirmed,245.58370453590672,25.179970713081403,-93.50761081290393,3.2726870128129253
Suriname,#Global,deaths,4.135014407792421,0.4132140908683575,-87.11794155791884,2.7435044214584607
Suriname,#Global,recovered,165.45696186517975,18.050186863138446,-84.28314486182789,2.791480099560029
Sweden,#Global,confirmed,8403.752209786502,550.0106742616468,-97.57174141287805,2.2881169512353225
Sweden,#Global,deaths,1683.1021846754954,96.6065414444423,-202.13814758919574,9.718511116846237
Sweden,#Global,recovered,0.0,,-45.285714285714285,
Switzerland,#Global,confirmed,148.24529347369074,26.728910320781832,-40.46231955442214,0.993893961576491
Switzerland,#Global,deaths,571.8757239238103,35.39855358129203,-169.1160714351783,7.105719511876661
Switzerland,#Global,recovered,106.39152785406519,26.6593236022361,-41.152121195702605,1.4294858953721177
Syria,#Global,confirmed,82.88580059137844,6.162961152265576,-67.35520177489623,1.1843851247307844
Syria,#Global,deaths,2.8441363872817482,0.18314968019477593,-61.84453758625974,0.8574902294609407
Syria,#Global,recovered,6.60057744759674,0.17756308745644184,-49.610969679440686,0.22616660400825406
Taiwan*,#Global,confirmed,198.1829138902989,8.357765407726522,-251.97772004882717,11.528908352872874
Taiwan*,#Global,deaths,3.2297947830793925,0.151889275133123,-315.68511121873775,20.942439378122
Taiwan*,#Global,recovered,143.8547095891059,7.883633872161278,-206.73947432287204,9.744419821488659
Tajikistan,#Global,confirmed,1232.0615392183488,76.53835941974083,-127.15860577176048,3.8401394192517464
Tajikistan,#Global,deaths,12.79322668142191,0.8152804806614349,-148.03453061268863,5.476976915903439
Tajikistan,#Global,recovered,839.9515601626592,52.731916892650844,-112.67808202296911,2.9894398755543286
Tanzania,#Global,confirmed,178.01437334462608,11.748215286719,-238.97590908600105,16.07602219710747
Tanzania,#Global,deaths,7.136299920747629,0.4704656858990315,-233.38580626215162,15.253750400233558
Tanzania,#Global,recovered,59.80472286717383,4.256728592394278,-226.01134984349653,15.35831480511494
Thailand,#Global,confirmed,1316.8842925623662,63.59252895502745,-248.21496691858945,12.771881337686192
Thailand,#Global,deaths,23.109719084197238,1.3120822596310815,-265.1845986886634,17.344396592116038
Thailand,#Global,recovered,1085.346819396072,59.40819885523008,-219.44429169854695,11.081868522267198
Timor-Leste,#Global,confirmed,8.603567823709465,0.5122384939970636,-215.69048804067447,11.60973812613398
Timor-Leste,#Global,deaths,0.0,,-45.285714285714285,
Timor-Leste,#Global,recovered,7.029778303510582,0.4685191104025102,-189.47475845767616,9.797450119443797
Togo,#Global,confirmed,111.76778439828557,4.034339117081327,-93.19084544654315,1.1439394485720487
Togo,#Global,deaths,3.012028206022295,0.12137088684498529,-98.0171423560099,1.4225941178234547
Togo,#Global,recovered,65.63636425724626,2.7962533194239603,-86.17962573102683,1.1428718461008511
Trinidad and Tobago,#Global,confirmed,64.63931023842069,8.129879332680098,-64.90266535928646,1.852762366829093
Trinidad and Tobago,#Global,deaths,1.3409917477753848,0.14564972100214854,-66.90085793128301,1.705391211482432
Trinidad and Tobago,#Global,recovered,14.070033190610223,1.8609843438538305,-50.511442519014665,1.1541526338183055
Tunisia,#Global,confirmed,31.73447270246697,3.9555795319997635,-38.47392480897928,0.6193202057478732
Tunisia,#Global,deaths,0.05101038012892019,0.007198467378661991,-28.101182644483526,0.3682171584955527
Tunisia,#Global,recovered,0.07393751192463562,0.03170069159696205,-22.54288336336066,0.7137085480097154
Turkey,#Global,confirmed,44990.60617200082,2089.0499708863854,-127.48497846310474,2.8861997678507816
Turkey,#Global,deaths,1152.8137610045321,47.260462931254835,-127.60337884775144,2.5533471058828376
Turkey,#Global,recovered,38973.0754279885,1943.4185256173514,-130.20401023367867,3.2444629831059184
US,#Global,confirmed,508968.4638625408,17946.591612481694,-95.76319660464083,1.1843976363935151
US,#Global,deaths,34093.65251595789,1541.285078005639,-144.01483878855774,3.6598893174487395
US,#Global,recovered,138155.4017693395,5804.456817389427,-85.95931162597924,1.120884010100933
Uganda,#Global,confirmed,55.22358818449952,3.335009418422403,-52.479993435375505,0.5707234898218657
Uganda,#Global,deaths,0.3759192970207895,0.03206422053229281,-49.568426770108395,0.7158995915681461
Uganda,#Global,recovered,57.50887006899618,5.787244852702779,-60.052886648847185,1.2598055205154577
Ukraine,#Global,confirmed,1441.8112632268344,23.98423120147251,-50.11959463820544,0.14285303921217524
Ukraine,#Global,deaths,56.10919570423345,1.293474940631303,-57.74325119498491,0.2658937916644268
Ukraine,#Global,recovered,518.2332251486201,25.749069537938702,-48.085147006007595,0.39152790750048816
United Arab Emirates,#Global,confirmed,7726.842699437979,278.87513229017026,-100.14049960717355,1.333949468116971
United Arab Emirates,#Global,deaths,76.73902687060011,4.040432974235797,-148.14233150811071,4.531952391495752
United Arab Emirates,#Global,recovered,5035.293791285447,215.6523131465038,-89.03566914918791,1.2314143351419287
United Kingdom,#Global,confirmed,14696.779683898892,1254.5614986567202,-66.93660778971972,1.3420303786894108
United Kingdom,#Global,deaths,12428.82249098169,688.5438006547078,-196.07033526096302,8.776710985380374
United Kingdom,#Global,recovered,12.981036521796517,5.0668981722958915,-93982962.78950764,10729787203097.32
United Kingdom (total),#Global,confirmed,407.09148427882724,15.054712710756501,-135.82475195629502,2.6367958448431903
United Kingdom (total),#Global,deaths,29.104303924081886,1.756270807219992,-224.40121907270412,12.821270838461658
United Kingdom (total),#Global,recovered,301.280288402969,12.340610092438528,-125.3968678956475,2.456714903095708
Uruguay,#Global,confirmed,108.20844587956447,5.750285379133329,-81.88913995267164,1.278964021932813
Uruguay,#Global,deaths,6.660963541866622,0.2612832473749727,-127.58258117231566,2.442229064670131
Uruguay,#Global,recovered,102.64986551082619,4.189591688593647,-85.9238485840178,1.0879502859036814
Uzbekistan,#Global,confirmed,2787.699206748586,203.3748537804347,-90.30534293208758,2.162078134692913
Uzbekistan,#Global,deaths,16.457836265169263,1.455299958913093,-81.67408429178231,2.116035341550157
Uzbekistan,#Global,recovered,2053.710715861489,172.17524248494885,-83.73680071659477,2.1153187266993667
Vanuatu,#Global,confirmed,9.037242990797709e-08,7.791912550903728e-08,-19.091484975767514,1.0262433911645126
Vanuatu,#Global,deaths,0.0,,-45.285714285714285,
Vanuatu,#Global,recovered,6.313295060065299e-171,,-0.8065272348570589,
Venezuela,#Global,confirmed,2272.2854401949244,202.69938576304492,-78.05931818426235,1.9394378031320763
Venezuela,#Global,deaths,18.30369878889668,1.5014971846025051,-76.68325120813483,1.7179446088764274
Venezuela,#Global,recovered,1373.9422348890128,138.8980029863423,-70.1670229517785,1.7552057721345535
Vietnam,#Global,confirmed,130.11730050786718,6.499208397526526,-125.97288587943703,3.025604148986634
Vietnam,#Global,deaths,1.4907487841123508,0.2164708483547816,-90.236315614947,4.297004586403756
Vietnam,#Global,recovered,86.52965144385016,4.242452521263989,-112.89133936012962,2.3442302213469466
West Bank and Gaza,#Global,confirmed,659.9103896266251,39.575219596896865,-64.26505055341744,0.8653536152168638
West Bank and Gaza,#Global,deaths,3.64854447143671,0.21521528346404933,-58.58923116307074,0.7014966919502696
West Bank and Gaza,#Global,recovered,356.76874130948204,28.82185662617011,-59.03758936122597,0.9760735632344577
Western Sahara,#Global,confirmed,3.244789669776418,0.19121070629215772,-226.22444833853314,12.74247003060104
Western Sahara,#Global,deaths,0.22425507975130696,0.020304658874935332,-174.94594190727423,11.187969528289154
Western Sahara,#Global,recovered,2.303504518944962,0.15618612418625946,-206.34258122132462,12.006375014881927
Yemen,#Global,confirmed,264.3069953050325,21.2605712608968,-132.85405589334857,5.46726213291208
Yemen,#Global,deaths,72.0431230749067,5.962643439261548,-129.52611951802157,5.324266476384584
Yemen,#Global,recovered,104.70715322848606,8.851741402405155,-108.84376956358601,3.7366821707627866
Zambia,#Global,confirmed,752.4341147788708,67.63186237004055,-92.44682207175724,2.800033494828036
Zambia,#Global,deaths,20.116393739927982,2.0815512901160664,-99.33237523708297,3.7589311579681666
Zambia,#Global,recovered,596.8289429979683,58.43097550581988,-87.62128584805512,2.72078937202222
Zimbabwe,#Global,confirmed,387.08581962015774,37.69846154063455,-91.58639688168186,2.9737998884703907
Zimbabwe,#Global,deaths,9.53082557988189,1.0581109157932573,-87.44805614169647,3.0724450503588714
Zimbabwe,#Global,recovered,194.72750610049678,22.661459277910105,-78.19144757253773,2.5388904524590727
Australian Capital Territory,Australia,confirmed,49.999417260775246,2.6309866012425833,-299.1914701452116,20.868655589443065
Australian Capital Territory,Australia,deaths,1.268767515171592,0.07460500111967651,-285.32497817869995,21.047743910247164
Australian Capital Territory,Australia,recovered,41.304367731397065,2.447052065152133,-254.7330910129373,16.58853666829502
New South Wales,Australia,confirmed,1371.5706146073308,63.19834968514415,-226.84826510762997,10.025762911999678
New South Wales,Australia,deaths,18.320895994650193,0.9911834616666491,-240.60835452271053,13.38277461244791
New South Wales,Australia,recovered,950.8574124141113,60.36420809835252,-216.2178467258794,12.441149757989189
Northern Territory,Australia,confirmed,11.84885130332511,0.5908385389444115,-221.51384123906652,10.299418270478178
Northern Territory,Australia,deaths,0.0,,-45.285714285714285,
Northern Territory,Australia,recovered,9.365622887255872,0.5661425158057652,-197.00914763017715,9.67731581851026
Queensland,Australia,confirmed,483.3659086850083,24.25512103643598,-285.28426654930024,17.956223709979643
Queensland,Australia,deaths,2.6127267306786393,0.15069235131928146,-293.9368456900878,21.999981590951535
Queensland,Australia,recovered,379.53850073701835,22.756921933904167,-230.94960238575337,13.568637861778612
South Australia,Australia,confirmed,199.0251080002668,9.942780109958788,-275.1420810714733,16.519297132799718
South Australia,Australia,deaths,1.6328960442925398,0.10263076778733034,-275.13169565661804,20.79672021242207
South Australia,Australia,recovered,161.34684946993983,9.539149421475827,-232.6005701430544,13.586345207560992
Tasmania,Australia,confirmed,94.02070972145212,5.29762785965689,-276.30059970332746,18.814200350292502
Tasmania,Australia,deaths,4.843556466097087,0.3019742686245165,-252.56292284772334,17.125168794119933
Tasmania,Australia,recovered,71.71681089138691,4.524745890050413,-228.81843997619833,13.984522842118265
Victoria,Australia,confirmed,1589.3169975539247,151.79367228906958,-110.12172598718247,4.328621888583743
Victoria,Australia,deaths,28.872558818477614,3.609471704485211,-86.0017062085691,3.3392894877371107
Victoria,Australia,recovered,980.6519996154116,99.54788956901251,-95.64420784419809,3.4010905475840048
Western Australia,Australia,confirmed,248.7355070468868,11.876758047537589,-238.71310872554136,11.603063220238367
Western Australia,Australia,deaths,3.758368587965884,0.203552929915348,-282.2730764949028,18.94003213064957
Western Australia,Australia,recovered,204.51946811878565,11.248111106502492,-209.6003935585455,10.075962634638001
Anhui,China,confirmed,837.462267946759,17.048682854357637,-1303.7802863195016,178.80088532267217
Anhui,China,deaths,4.712229489964878,0.13367581761582348,-921.4079711233873,121.72782582181664
Anhui,China,recovered,693.2934681450264,22.483655014927283,-648.0612669621339,66.72721278061765
Beijing,China,confirmed,433.804824678215,10.605325391043966,-329.59685663322665,11.94123234083024
Beijing,China,deaths,6.084464221799935,0.17187321940317854,-592.513616643932,48.17251505761966
Beijing,China,recovered,317.2592723641205,10.424230498161506,-244.39664418209756,8.404413499727745
Chongqing,China,confirmed,496.1051401585006,8.852766991274851,-1341.0861879429574,166.11018437747887
Chongqing,China,deaths,4.771333405014853,0.11847978436095943,-970.6429328083121,118.76747945399724
Chongqing,China,recovered,398.2834501323424,12.521072476755416,-614.9788086536994,57.94731594976482
Fujian,China,confirmed,259.6196455319353,4.374249865144183,-521.9574517961182,21.97442087141946
Fujian,China,deaths,0.7099876041693711,0.025285870144001302,-662.6129494167718,76.76925946925374
Fujian,China,recovered,214.87918853225335,6.437722531202407,-397.6172984965688,21.890569860620957
Gansu,China,confirmed,101.59907612125133,2.068716527555351,-465.46618576071415,20.823224303628816
Gansu,China,deaths,1.6199099969809891,0.04360318768489396,-1049.4378643041364,151.1501859099813
Gansu,China,recovered,85.49488088296063,2.4641004766844756,-363.07403272186923,17.33680352866528
Guangdong,China,confirmed,1181.6823681315147,20.549402878998723,-553.9939984692712,25.72337028286469
Guangdong,China,deaths,5.696141393994509,0.1784392369625365,-669.0739804802901,68.912054376058
Guangdong,China,recovered,963.1118473057593,28.00951830079981,-389.1858106901073,20.29782566155688
Guangxi,China,confirmed,214.58924471204082,3.9118431613248785,-1211.3019367043364,137.62832655987668
Guangxi,China,deaths,1.5737950283856914,0.04439821390849719,-928.5374031207796,123.01550180697477
Guangxi,China,recovered,169.27797781578715,5.600297942089635,-562.499383650881,50.52494802275886
Guizhou,China,confirmed,121.89678798641043,2.6695402229355896,-1179.1258209848347,156.3992515132876
Guizhou,China,deaths,1.5660304135985585,0.04134586794392596,-911.9033469533254,110.87139644235027
Guizhou,China,recovered,100.17159498832685,3.188394780228632,-618.5662057434492,59.45672791764556
Hainan,China,confirmed,143.62893966884164,2.6755308717256296,-1278.3252822815364,157.1154048674845
Hainan,China,deaths,4.601372052041856,0.11221966511953942,-846.7094798770013,87.74309443427826
Hainan,China,recovered,115.4763352819429,3.6194847529084697,-642.7098924363743,63.37841509649862
Hebei,China,confirmed,260.6204038411885,5.226536595148263,-713.7565764117244,50.530781490773435
Hebei,China,deaths,4.658973035462897,0.11661864056381259,-884.9655459492279,98.74831497461625
Hebei,China,recovered,220.10459893642368,6.542914076743852,-502.6444979491087,35.77553952947025
Heilongjiang,China,confirmed,548.9727480455417,16.69924185925395,-437.5314859678305,27.257965853752214
Heilongjiang,China,deaths,10.353176452847343,0.2492482997935173,-977.4142838307056,116.8275678416125
Heilongjiang,China,recovered,432.4999432017255,17.303105308187273,-319.0288260798275,18.227144090182062
Henan,China,confirmed,1080.948313263279,21.39436344459046,-1300.661269640343,172.9902845606945
Henan,China,deaths,16.729664659419413,0.4560407360657131,-819.736837831654,91.6617211050272
Henan,China,recovered,896.9438810543722,28.00134953141131,-674.6159339775318,69.8698981972726
Hong Kong,China,confirmed,545.8576108168581,33.73515270030118,-121.6112762606092,3.469215151235388
Hong Kong,China,deaths,5.520350663385579,0.597945820955119,-96.09550530725586,3.6650638385999477
Hong Kong,China,recovered,407.2253810824645,27.925190617436407,-111.83664226042542,3.2132083414694237
Hubei,China,confirmed,53932.16809299182,1316.6112817016212,-953.3104525662599,112.46299540532736
Hubei,China,deaths,2762.0177633659237,82.19439062145638,-481.56387105377775,32.72447491772387
Hubei,China,recovered,39808.335267272465,1470.2247537876378,-495.97873888927523,43.23983146615447
Hunan,China,confirmed,873.8288406987924,16.70445665195444,-1423.0446343579467,201.00199681904544
Hunan,China,deaths,3.0590620524834606,0.08893040175040184,-834.7617182893971,101.5256543415482
Hunan,China,recovered,730.4838287073317,21.790628157837617,-689.7552094669956,69.93837831846113
Inner Mongolia,China,confirmed,109.38551544567798,3.4269668068653183,-269.3325784624533,9.895743053425345
Inner Mongolia,China,deaths,0.6204320233372778,0.026805452159988235,-486.75293541853375,48.6070037450377
Inner Mongolia,China,recovered,87.72992209887533,3.6188993528382705,-229.4410388594909,9.200070021535495
Jiangsu,China,confirmed,536.1151368210332,10.746847876923054,-1037.021588000954,109.8332961020306
Jiangsu,China,deaths,0.0,,-45.285714285714285,
Jiangsu,China,recovered,450.8593133760398,13.927765926733771,-599.9047968748197,54.0449934200482
Jiangxi,China,confirmed,792.7400548385032,16.15053412975858,-1334.0272319470039,187.57936758649302
Jiangxi,China,deaths,0.7959727703207563,0.022579280756776777,-972.7926692047045,136.29954717536233
Jiangxi,China,recovered,657.4192596416865,21.212017871322953,-649.4961773724725,66.69653827427194
Jilin,China,confirmed,89.72254362286634,2.211901660046511,-436.4471724721852,21.98800898250797
Jilin,China,deaths,0.9770939456242494,0.03261236005500714,-346.60822605803384,18.175977248833092
Jilin,China,recovered,74.97050010015035,2.4550663779457724,-341.44128699780305,17.267948505635275
Liaoning,China,confirmed,97.67283801426314,1.9784716625275638,-259.67484968424685,5.910603293965363
Liaoning,China,deaths,1.269284347178686,0.04314313346899839,-512.2706693448594,42.61601127110039
Liaoning,China,recovered,77.02643030161676,2.1843910183263002,-217.4417040271901,5.627658437513278
Macau,China,confirmed,25.31701397639503,0.9571373003005895,-401.0883323275907,28.15100137612394
Macau,China,deaths,0.0,,-45.285714285714285,
Macau,China,recovered,18.02814850756507,0.8985028912384388,-266.97793845540616,15.447600483860828
Ningxia,China,confirmed,62.23174749970669,1.2723990315234457,-1183.4402082550823,147.12002405755928
Ningxia,China,deaths,0.0,,-45.285714285714285,
Ningxia,China,recovered,54.15801489187592,1.6296361199659974,-696.4171799862647,71.9808675664817
Qinghai,China,confirmed,16.04823065079927,0.27185674370433605,-1889.966600967169,318.16531547750793
Qinghai,China,deaths,0.0,,-45.285714285714285,
Qinghai,China,recovered,13.812277436802761,0.39098099283149423,-845.0801316185895,101.42332894579823
Shaanxi,China,confirmed,194.8610814793468,3.05453971099036,-332.85616442785005,7.8231534056411265
Shaanxi,China,deaths,1.7902435905728664,0.07219026192216692,-453.8284819597411,39.05466251425061
Shaanxi,China,recovered,163.57664058019887,4.309046220181861,-289.3870549728301,9.72014330806429
Shandong,China,confirmed,613.3254353567685,12.93135264801033,-765.0567258064895,61.42058745162885
Shandong,China,deaths,4.899626930339519,0.15548252990989223,-639.336417872607,63.46443123645811
Shandong,China,recovered,501.0049867577071,16.466059525544225,-482.49446980491655,36.28889512441436
Shanghai,China,confirmed,338.9459207510025,5.8959601865094795,-226.3094160571819,3.765030912143222
Shanghai,China,deaths,4.074515374122346,0.1401871670711648,-437.8525630004154,30.879876236428604
Shanghai,China,recovered,281.5211159885005,7.1986901943056685,-204.97061413612934,4.461507581070132
Shanxi,China,confirmed,131.50219343740625,2.8054541530419166,-520.4703129613629,27.65515833044259
Shanxi,China,deaths,0.0,,-45.285714285714285,
Shanxi,China,recovered,109.57414688354734,3.4002075003939782,-385.60940816297796,21.23669402865058
Sichuan,China,confirmed,422.13050615457155,7.287647004538012,-486.0730400101967,19.360615142112163
Sichuan,China,deaths,2.3916699869847022,0.058299762086998594,-981.9365914230151,119.43429360683184
Sichuan,China,recovered,345.8693914285514,10.057300858505233,-369.97799550296253,18.210620685057567
Tianjin,China,confirmed,119.9514141396182,2.201554183801901,-343.3471072521649,9.792066937648993
Tianjin,China,deaths,2.3977568818440034,0.06325561789497296,-990.2577353751517,131.54521662603688
Tianjin,China,recovered,100.29155246258594,2.8777730174340435,-291.6354213593444,10.766190532733619
Tibet,China,confirmed,0.9062425680944303,0.016391037521666606,-2192.6692361135792,459.7639801775146
Tibet,China,deaths,0.0,,-45.285714285714285,
Tibet,China,recovered,0.7778161997829187,0.0232698993677822,-887.5773387743837,118.74173143334542
Xinjiang,China,confirmed,76.93376998991253,7.718897919264109,-111.6626052307619,4.685358531817968
Xinjiang,China,deaths,2.107521564261878,0.07023102863536006,-644.5668940532219,67.79379278690394
Xinjiang,China,recovered,48.22427782271405,5.353698562897363,-96.24127203315331,3.7691707049058683
Yunnan,China,confirmed,148.63034865158198,2.432799457770029,-742.4046322388132,44.796734207518725
Yunnan,China,deaths,1.4280444131065846,0.050067717930699814,-673.0599706009647,78.09103367445803
Yunnan,China,recovered,120.60370310029931,3.6690515133882635,-480.00387957958856,33.209192022791264
Zhejiang,China,confirmed,1070.181632143582,19.245931216022406,-1242.6739367869582,143.11093596561878
Zhejiang,China,deaths,0.7099876041693711,0.025285870144001302,-662.6129494167718,76.76925946925374
Zhejiang,China,recovered,879.4308931788333,26.619051831158984,-619.8089978546062,56.71616749974002
Faroe Islands,Denmark,confirmed,74.94579794226458,3.3142242441271814,-149.91422098793655,3.9061034821094407
Faroe Islands,Denmark,deaths,0.0,,-45.285714285714285,
Faroe Islands,Denmark,recovered,60.18064051955134,2.7736343281151696,-136.90213341725024,3.342775119654133
Greenland,Denmark,confirmed,5.24272329908962,0.24253747702790032,-232.33088385594812,10.59991706478711
Greenland,Denmark,deaths,0.0,,-45.285714285714285,
Greenland,Denmark,recovered,4.670978703642921,0.2420856818798811,-215.82892457862812,10.119185924001387
French Guiana,France,confirmed,968.8401088134619,81.90089526705593,-116.60976808548496,4.334207364757854
French Guiana,France,deaths,5.208104503158343,0.48405376430216207,-108.60639492111751,4.088612929959113
French Guiana,France,recovered,737.2089630757636,71.44784824546517,-108.05943921497125,4.217501610855079
French Polynesia,France,confirmed,1.5265819211728626,0.22782438217625972,-33.756262235667556,0.5667552742708482
French Polynesia,France,deaths,0.0013037324229001259,0.00021435146743089325,-28.315900762131353,0.43586204052878763
French Polynesia,France,recovered,7.442554237995991,1.384301041347671,-46.60374378347332,1.3730245925125295
Guadeloupe,France,confirmed,55.808339385371575,7.955878128217192,-59.73500192253913,1.7658372583352393
Guadeloupe,France,deaths,0.6176200930529949,0.07476447468089567,-55.43890916191459,1.2822566351175184
Guadeloupe,France,recovered,31.311387645050033,5.049056289107285,-68.92228138794741,2.694754938069584
Martinique,France,confirmed,6.2777473139080735,0.5593509169249394,-45.615797829359956,0.629365994650168
Martinique,France,deaths,3.4609099037482545,0.17770209019154976,-130.8409717446466,3.376136214330915
Martinique,France,recovered,37.410000536097975,2.1775258179151673,-258.73081111773615,16.85904723165897
Mayotte,France,confirmed,553.8978516429304,28.288325167446583,-133.4131090254698,3.5028160566117563
Mayotte,France,deaths,8.038463002695794,0.5030367100277355,-157.47322760427565,6.151596683873877
Mayotte,France,recovered,549.1327959740394,40.00509551356604,-158.59545706792167,7.273497008239577
New Caledonia,France,confirmed,8.313175620494562,0.3714523208770097,-217.61887483616184,8.880646987312335
New Caledonia,France,deaths,0.0,,-45.285714285714285,
New Caledonia,France,recovered,6.417285919816397,0.35796681430367766,-182.4663224940084,7.556133018737026
Reunion,France,confirmed,56.822037479619,3.5772252352485956,-62.06736008625231,0.8447089528573666
Reunion,France,deaths,0.15760086976280707,0.00923574455586972,-56.453844352498734,0.6447037314609957
Reunion,France,recovered,29.091270626478615,2.316270997496606,-56.1223010980933,0.8653252784335737
Saint Barthelemy,France,confirmed,0.3088736620302537,0.024263403838369058,-50.82643078063454,0.6945558380820505
Saint Barthelemy,France,deaths,1.0296081658476657e-44,5.621200437094546e-44,-3.113116644367438,0.16646620999776587
Saint Barthelemy,France,recovered,0.19296299495228278,0.019077895198564437,-49.27491149874223,0.8194455343595689
Saint Pierre and Miquelon,France,confirmed,0.48741761915783277,0.05110998666829618,-83.29500487653377,2.61627034971039
Saint Pierre and Miquelon,France,deaths,0.0,,-45.285714285714285,
Saint Pierre and Miquelon,France,recovered,0.12233595265420356,0.016332446461875684,-64.5154328178089,1.9420530427064253
St Martin,France,confirmed,7.724769499631457,0.5864148996733699,-67.12918801618865,1.2005537215562845
St Martin,France,deaths,0.627005269775818,0.02870194350454346,-103.36842221816005,1.8110057000740656
St Martin,France,recovered,2.562573955633911,0.24392304774275825,-55.609946135207686,1.015084707914696
Aruba,Netherlands,confirmed,88.1653654526985,10.970859221489189,-73.76790388422948,2.3999585506698042
Aruba,Netherlands,deaths,0.45676225050074865,0.043747162389595716,-65.56523484709057,1.4414593906301691
Aruba,Netherlands,recovered,36.016526614636525,5.213901934743189,-61.39589460150589,1.8986882496535678
"Bonaire, Sint Eustatius and Saba",Netherlands,confirmed,1.1470700849640354,0.19162140566227834,-60.360357739849036,2.1136297655334766
"Bonaire, Sint Eustatius and Saba",Netherlands,deaths,0.007292684820052014,0.0016772372393371966,-49.76226101957535,1.947216348430328
"Bonaire, Sint Eustatius and Saba",Netherlands,recovered,0.23696245819331566,0.0468180459946211,-46.67883878495012,1.4643031012861656
Curacao,Netherlands,confirmed,0.13894422028701636,0.012037243129882401,-32.17563717692403,0.2981323391446708
Curacao,Netherlands,deaths,0.23437735006021768,0.03130391623231105,-131.7430748219297,8.91349299654435
Curacao,Netherlands,recovered,0.24179125595203982,0.031116564839580373,-36.50573334210308,0.5740508070536796
Sint Maarten,Netherlands,confirmed,20.593137947570646,1.3866300652960657,-77.15770795430385,1.4284056443431243
Sint Maarten,Netherlands,deaths,5.022630600386289,0.24955150857471214,-181.2043574798523,6.629091164013283
Sint Maarten,Netherlands,recovered,9.581905356833301,0.8296194936276897,-66.16306581094149,1.3280940763927715
Anguilla,United Kingdom,confirmed,1.302875701112972,0.07654860721196352,-274.5171234473063,19.34190055007694
Anguilla,United Kingdom,deaths,0.0,,-45.285714285714285,
Anguilla,United Kingdom,recovered,1.045716640061521,0.0708676168404203,-238.2325278234877,16.39655388939329
Bermuda,United Kingdom,confirmed,46.40723311592734,2.2445338350525783,-181.6741457521391,6.4895871405641135
Bermuda,United Kingdom,deaths,3.2074539856754414,0.1980657941056937,-243.13297262482305,15.616835218732277
Bermuda,United Kingdom,recovered,34.17973814937599,1.8351717264853968,-162.17604977122173,5.626136767779567
British Virgin Islands,United Kingdom,confirmed,2.731617809113291,0.32734680467899957,-88.44294627652573,3.3973647668103846
British Virgin Islands,United Kingdom,deaths,0.3627175899399951,0.025105938787872203,-246.4104980175183,18.02067932960571
British Virgin Islands,United Kingdom,recovered,1.1725141164310953,0.17213841062973165,-71.82350197227576,2.6778328285007555
Cayman Islands,United Kingdom,confirmed,51.39978498114224,2.8269154350089183,-173.98054157540892,6.7165485069159025
Cayman Islands,United Kingdom,deaths,0.46233721051210996,0.026488561245745522,-264.2584310036733,17.361949346360177
Cayman Islands,United Kingdom,recovered,37.00169244148058,2.645191172786908,-149.23488157295844,6.252971928784888
Channel Islands,United Kingdom,confirmed,181.5282228771449,9.278677626921684,-172.8349745752305,6.152439255377047
Channel Islands,United Kingdom,deaths,16.509740682193186,1.0228018932973553,-236.72392890781552,14.784102424869099
Channel Islands,United Kingdom,recovered,141.753943746741,8.133274100463067,-165.0965681236618,6.249891666212974
Falkland Islands (Malvinas),United Kingdom,confirmed,4.884217927609801,0.2993201452828169,-243.4158944641522,15.544042387992741
Falkland Islands (Malvinas),United Kingdom,deaths,0.0,,-45.285714285714285,
Falkland Islands (Malvinas),United Kingdom,recovered,4.517143267122683,0.3077481513891007,-236.85551305370115,16.2770274190927
Gibraltar,United Kingdom,confirmed,18.167885052892874,0.9276996807413036,-77.7333156126892,1.1004777496834355
Gibraltar,United Kingdom,deaths,7.884233721596155e-11,6.658571765807514e-11,-12.557596579126034,0.4306330337844501
Gibraltar,United Kingdom,recovered,16.280982656908478,0.9340082027856457,-78.31998945470406,1.2562707180940336
Isle of Man,United Kingdom,confirmed,133.93878177866233,7.629061100579912,-260.17247422318013,16.693651819067664
Isle of Man,United Kingdom,deaths,8.307826122971273,0.5494725123145209,-234.71669320622613,15.493847714245362
Isle of Man,United Kingdom,recovered,110.67402955402379,6.726181594809397,-236.60627776724593,14.488300587409569
Montserrat,United Kingdom,confirmed,4.877626226480402,0.254559108248044,-258.9910666637517,15.14478097767998
Montserrat,United Kingdom,deaths,0.3414115944592209,0.024563658602761516,-234.06538218379183,16.752283232526253
Montserrat,United Kingdom,recovered,3.0453385597671816,0.2016954174357769,-191.606325919263,9.980700595169205
Turks and Caicos Islands,United Kingdom,confirmed,25.934054922171924,3.0630500582053233,-86.4974111325891,3.1937394605280502
Turks and Caicos Islands,United Kingdom,deaths,0.386690019388939,0.026781139970887467,-104.92679914790489,2.8294292663909584
Turks and Caicos Islands,United Kingdom,recovered,10.6460513874453,1.6772468149069935,-69.99093329088066,2.719549495582994
