region,parent_region,subset,amplitude value,amplitude stderr,center value,center stderr,sigma value,sigma stderr
Afghanistan,#Global,confirmed,36655.55573282681,54.244225565514256,101.67995092505697,0.07999536629816383,12.970924961279476,0.06433251634955192
Afghanistan,#Global,recovered,26022.412182026816,133.32062406074377,124.64905456076285,0.18058252793988974,8.978719532432635,0.14190927445510487
Afghanistan,#Global,deaths,1544.4360054057604,13.711191729479028,126.86817025009273,0.4470983142592777,19.14746942365642,0.22534174069423146
Albanien,#Global,confirmed,147525.4620203521,191937.8105154881,278.11792643684225,58.38060469918624,40.78575531335337,1.0957994774031465
Albanien,#Global,recovered,15460.28255561538,5009.210067350198,206.3890968451969,18.998380799650356,42.36579350186339,1.6368583127437022
Albanien,#Global,deaths,3260789.1272647716,1466279175.4425712,550.6801998328597,18336.9507787285,40.7646687231104,1.082478450467737
Andorra,#Global,confirmed,834.1499171427428,5.0787952875798705,32.40771664408867,0.4421300368157215,8.190575951705005,0.38726747821727775
Andorra,#Global,recovered,794.2906440930162,3.7554475875795803,59.384364080677415,0.3367334769672808,11.545341591356282,0.28871742465383343
Andorra,#Global,deaths,51.3734242545811,0.19400651364973837,41.02797094574815,0.27167538061788404,8.869700967142798,0.2361736028583325
Angola,#Global,confirmed,7456.640780006111,1294.434184468836,168.66087043066142,4.877062310099698,20.728366678290772,0.38568251889848254
Angola,#Global,recovered,8421314.721801484,3846161924.19031,328.60988828929,8928.75813799643,19.544914113013093,0.4715311893077401
Angola,#Global,deaths,143121.489023203,23205945.07982925,323.6829613013925,3907.5730074870644,23.970533369872552,0.8490541382194537
Antigua und Barbuda,#Global,confirmed,861.6669349268053,1647.140315796491,254.93645331298504,127.63434851774632,53.637789322280746,6.557767262286012
Antigua und Barbuda,#Global,recovered,259730.7794616375,199727274.15747434,499.29090502705833,33735.5516331982,43.52818489064107,5.01837995540883
Antigua und Barbuda,#Global,deaths,2.9963665437761966,0.0156212610982915,27.650358810898993,0.2126565483970619,2.441394882927475,0.18656345746549327
Argentinien,#Global,confirmed,523940.635623135,10268.982862523284,163.16298145651726,0.7164759055204475,21.62875715012528,0.12071347786513102
Argentinien,#Global,recovered,177498.44500638128,5341.172627906435,152.1591461046377,0.9869735599153017,17.198424599359544,0.2310190562528428
Argentinien,#Global,deaths,52309314.84163628,6261265273.637095,461.4039625616502,3865.1383163353644,32.27601893885596,0.21986314237502674
Armenien,#Global,confirmed,43129.76219836524,106.69367901968816,114.17295798199616,0.12728120423250752,18.039257731852086,0.07432229896756319
Armenien,#Global,recovered,37581.719833574396,447.5535624589326,131.31202618186177,0.5086695677363144,17.386175856179836,0.2216254191533016
Armenien,#Global,deaths,857.2884858202854,6.462340209828795,119.98400636762995,0.3656901827786202,17.874550596066943,0.19583789293163917
Aserbaidschan,#Global,confirmed,40627.12440193414,344.97251378089925,128.38517716433105,0.41410562913172455,19.59469682985876,0.1857544685940642
Aserbaidschan,#Global,recovered,63872.34375583047,1943.6339053880733,163.39196484960462,1.2852907737711698,23.993859773005898,0.24282146788180792
Aserbaidschan,#Global,deaths,673.195529410845,7.106033121773312,139.3250861748195,0.4981048254759351,21.298441628933773,0.1701471677398286
Australien,#Global,confirmed,47322631.67009504,38086077329.420784,797.9350632543029,61522.378160707514,75.74081842324438,10.81115527538174
Australien,#Global,recovered,7802.939855075,103.39503289218949,89.58332909445087,1.0062769251003392,12.235975836997529,0.8619755108599778
Australien,#Global,deaths,150.49360667290682,6.902277288368963,103.08516509787884,4.236706383906152,29.142571993954927,2.93017163868241
Bahamas,#Global,confirmed,13728932.620177925,16765831627.233849,310.34838887651074,20772.706052570444,16.924072550863222,1.130790951345931
Bahamas,#Global,recovered,95.55924360676019,0.9453005289608646,70.6708621930253,0.6652152136871051,18.762449808244178,0.5063303869235756
Bahamas,#Global,deaths,11.155216350355689,0.08008558847309427,23.739426665341114,0.3966217809132865,4.6351959750471465,0.3471112913731843
Bahrain,#Global,confirmed,48518.67279438823,227.76632414002938,122.7496946158621,0.26615520389351405,21.71102886838452,0.1323168251381845
Bahrain,#Global,recovered,45663.6755330379,258.14284685048676,129.8398916924922,0.27199721756858575,18.611756415615694,0.1323334986193334
Bahrain,#Global,deaths,168.9645781994171,2.380047615465216,128.1386437987428,0.6292973999821078,16.230070799268212,0.34577158598943086
Bangladesch,#Global,confirmed,269109.6676848797,1293.1763028887322,111.38825074058643,0.23465240867178097,17.64468558872146,0.13020633165238887
Bangladesch,#Global,recovered,155083.46409848568,1717.4477256940067,119.9219968247339,0.42239529233445905,13.716258797036387,0.23629546751389768
Bangladesch,#Global,deaths,3749.080220273017,25.55618662095528,114.83152556977048,0.34968216433051424,19.914894060096135,0.16897317731857325
Barbados,#Global,confirmed,99.95825088270223,1.0802402677817995,21.356649975300762,0.9321240194458552,13.47472342682776,0.962022029018059
Barbados,#Global,recovered,90.73791503606019,0.5008999488107587,49.193005672392566,0.39330497198706493,12.921976518630393,0.3377417034691332
Barbados,#Global,deaths,6.973219505308701,0.0341703971713053,26.222219430764785,0.28300342721023725,5.3042403555271935,0.24742539577016662
Belarus,#Global,confirmed,67543.68439490907,247.58017847950077,84.1524814234193,0.23941161354811474,15.475801264796914,0.1935362245230469
Belarus,#Global,recovered,66012.60206567227,289.4076770483783,109.2715261931776,0.2272210415674232,16.174195262081142,0.15474484224450438
Belarus,#Global,deaths,626.7323391317766,8.308910773191487,107.64355048775379,0.8791871703679148,24.41926041535431,0.47482530855019756
Belgien,#Global,confirmed,61965.52335648621,303.9797453699008,71.03624758315992,0.3838048538090718,11.517343601253577,0.33047746997696453
Belgien,#Global,recovered,16932.57203548683,64.82207653250867,76.89415079055019,0.2948692266645299,12.145149463532029,0.2529552797754169
Belgien,#Global,deaths,9639.568288210596,24.779543585258562,73.62495572645405,0.17682661954450546,8.53316793894977,0.15325259147104497
Belize,#Global,confirmed,802490.6041299051,761774252.1799396,739.8962248296626,60022.835735004344,63.075029814188476,3.074418851548575
Belize,#Global,recovered,20.046422333782967,0.4350895585713047,40.68708931262691,1.379388598571768,8.764268405891489,1.1943072719850967
Belize,#Global,deaths,2.002122870295678,0.007033865220320463,15.504789634171303,0.11216208000122636,1.440934263805872,0.09855454799939431
Benin,#Global,confirmed,2149.412980486851,69.28062036521565,107.73964574494987,1.4827900301526924,17.144768939765157,0.7773173006838259
Benin,#Global,recovered,12462.962052178123,16421.596728108496,199.58824297979837,42.0480773355073,26.303508736749734,1.8678482216131467
Benin,#Global,deaths,42.55672005072453,0.8925281161995222,111.76527115464782,0.8365625019453786,14.679949609415571,0.448920751645834
Bhutan,#Global,confirmed,98.58130812601978,1.1841378809965277,93.8134544442748,0.6794850893353434,16.266705594547577,0.4980583828928907
Bhutan,#Global,recovered,102.1152866677479,1.6824699507371816,119.36088182286285,0.6529179217113428,13.893377073458634,0.38118320829152963
Bolivien,#Global,confirmed,120656.29752529145,1671.8577160788616,131.57413102618378,0.6006279555946853,20.155803118855918,0.19069692554341783
Bolivien,#Global,recovered,28752.97947327488,268.50017360732653,122.79297880131911,0.32769718264227193,13.469660672946313,0.1619787697217743
Bolivien,#Global,deaths,5757.073804885932,119.19895055929318,141.45699886995035,0.8500333243897663,21.162755668949863,0.2080104095332885
Bosnien und Herzegowina,#Global,confirmed,259675102.0574921,74384719451.11938,537.6462708515157,11117.811142500557,38.79862358321515,0.684522879344557
Bosnien und Herzegowina,#Global,recovered,72191923.29713517,50380082617.86734,565.3517622063483,30667.07348906833,44.00366316003115,1.4626316970949136
Bosnien und Herzegowina,#Global,deaths,622.899129846156,104.40862478788418,147.4692260800328,13.787409335580964,43.6419205530258,3.1889885731740115
Brasilien,#Global,confirmed,3545056.0878529605,48871.69234525182,135.13507375719473,0.6880154016868835,21.356642266943453,0.26714587357096187
Brasilien,#Global,recovered,2992057.3872156437,49420.479765699136,143.75522137059252,0.6956872516384249,19.046600005175915,0.23649089248982888
Brasilien,#Global,deaths,105510.38221742275,1298.8347995659456,118.97982943900713,0.7055433367361035,21.623107889582883,0.3614956732507051
Brunei,#Global,confirmed,140.00123805016437,0.2952449580502935,10.30784575758072,0.12476402740492709,4.407238970797039,0.11629781923242767
Brunei,#Global,recovered,135.78923000669127,0.5139935674165146,27.2583799967828,0.23782283305063084,5.9637498505764235,0.20807300530920264
Brunei,#Global,deaths,3.5469663563277622,0.1568840830340958,79.16655276241129,3.5923033706690184,28.82816090050243,2.2436451601434095
Bulgarien,#Global,confirmed,93140632.10277863,32802494182.320866,508.689265718499,14208.57189746056,40.317037829026354,0.965376819325862
Bulgarien,#Global,recovered,35994.713490269445,9217.032159094826,195.73644484899123,10.960394984448259,31.522721521089576,0.872093442573169
Bulgarien,#Global,deaths,627.1914203709069,38.8748602688899,133.25782199943396,4.537519686112923,36.31443716689031,1.2424745538560857
Burkina Faso,#Global,confirmed,1023.4100092761042,11.02051439533735,41.83034880426061,0.9334107812842247,19.477880634677064,0.8714642036945147
Burkina Faso,#Global,recovered,874.0751108038847,7.058256455793253,51.85311188982038,0.6218301991631469,15.167173588995142,0.5342911120309347
Burkina Faso,#Global,deaths,52.89517866527997,0.13870245368738576,33.47273343610849,0.19609947453547197,9.86839636415802,0.1728343873800388
Chile,#Global,confirmed,364013.10827203625,1655.3251885404395,102.78007955301817,0.22843781478671712,14.149663053660072,0.169820874457578
Chile,#Global,recovered,325795.57908506336,2723.183262651393,106.44403801859914,0.3685206434684614,11.133629046745336,0.29069156416769326
Chile,#Global,deaths,10346.004497837343,112.14289164590974,116.9321880317023,0.4737678256992354,14.782953568263416,0.2921152443489203
Costa Rica,#Global,confirmed,40950.61366318503,3080.877145793366,151.50574926906685,2.2390061988027337,16.03656831346387,0.4877550117215791
Costa Rica,#Global,recovered,100744095.524629,39721822009.96646,415.4097867783574,10621.479151149471,26.930055203497997,0.6045451861787682
Costa Rica,#Global,deaths,1136.8511177944936,642.8824947720206,173.31620331784313,10.186964135186356,13.433643092413751,0.765016523722581
Demokratische Republik Kongo,#Global,confirmed,9461.247069794428,30.511620687312497,94.12490026086031,0.17428819457563363,16.538550406051552,0.12115649481520196
Demokratische Republik Kongo,#Global,recovered,11484.9717612029,700.3379724076991,136.63647016210612,1.9935575283085463,15.412999146995553,0.6115194179128869
Demokratische Republik Kongo,#Global,deaths,250.69067194028864,4.281373486597479,99.15237803837654,1.0813787121247138,23.612728687872195,0.5717642967361881
Elfenbeinküste,#Global,confirmed,19958.29247040912,271.0798442371774,157.628980367084,0.6827045202034926,19.768629186020096,0.3207353806258935
Elfenbeinküste,#Global,recovered,27951.251842319925,1249.5060142650505,196.07645694597838,1.89714197598169,24.24654938732524,0.35264716485783126
Elfenbeinküste,#Global,deaths,130.82278393010074,2.65947501629736,153.95814847025926,1.3103117013532597,26.826297096134862,0.5431209532670359
Kamerun,#Global,confirmed,18698.12218661417,153.30884667428228,100.38379739857999,0.4743408762203326,19.360427789852665,0.29746908318787274
Kamerun,#Global,recovered,16717.99430407513,247.26890333371426,110.62996662156931,0.7268087970011434,17.080335667226095,0.430260999836772
Kamerun,#Global,deaths,410.5186236517149,4.680006356601911,89.7262235544363,0.73878205205347,20.380665080119453,0.5025306843335303
Kolumbien,#Global,confirmed,1284847.5469712957,46590.765099670825,176.66225703634697,1.2638944765212052,23.71969496152787,0.13683574554999842
Kolumbien,#Global,recovered,1901166.510530827,496905.24160361575,200.4057213141971,6.783891732881399,21.52260097308847,0.28944432396178155
Kolumbien,#Global,deaths,28549.3554921626,1039.2748422652508,161.85269838389635,1.3716055737133064,22.590997997838738,0.22238662211089522
Kuba,#Global,confirmed,2404.37499409557,17.638057684922813,44.96711277343613,0.5731986114459364,14.244268761825523,0.501280083185822
Kuba,#Global,recovered,2256.913234928444,13.660007491966981,60.23175997430366,0.4095317528832303,12.644792966091886,0.34739091347862294
Kuba,#Global,deaths,85.30472254281942,0.16502999124137907,41.51007839346944,0.1278553685040746,8.263242468977838,0.11094759543697523
Republik Kongo,#Global,confirmed,8601.03372051628,1010.0323887157052,150.73843549315038,5.387630543768709,26.700351450199566,0.9519583661545361
Republik Kongo,#Global,recovered,12236232.03740918,14953251424.678633,439.0051849337927,39312.623927749075,32.1531661224883,2.1461719764346046
Republik Kongo,#Global,deaths,68.85814671608826,1.6644321539487503,101.56169205743772,1.5746979308035,26.20831719226619,0.7151345648962549
Schweiz,#Global,confirmed,31814.379735295017,146.59504308667033,35.46912650044351,0.33690620889798134,8.05962537080622,0.2941288539947653
Schweiz,#Global,recovered,29283.836324225995,112.277236598258,51.044351646798354,0.27053319061078096,8.904076454147756,0.23444427445234403
Schweiz,#Global,deaths,1942.975053989198,4.084496042390682,45.725687114930274,0.14872501564700497,8.370653899745328,0.12917769257529527
Vereinigte Arabische Emirate,#Global,confirmed,60610.40345064186,399.2254887268503,119.51805496337857,0.44614049703717845,19.665622217821543,0.3245337010891293
Vereinigte Arabische Emirate,#Global,recovered,57872.00691721295,482.29102014238606,139.9725778073763,0.4591171821940457,18.439738743088586,0.28725447643296886
Vereinigte Arabische Emirate,#Global,deaths,329.78429253067213,1.7988822385856915,101.93941831450424,0.3754797886000063,12.916672829966334,0.3174968896993814
Zentralafrikanische Republik,#Global,confirmed,4711.394013192716,14.780200497945474,92.71570911592777,0.1433159063621426,11.575062914133095,0.11288649213803623
Zentralafrikanische Republik,#Global,recovered,1682.6772146655214,20.829774733648726,109.7493042052206,0.42986963634171255,10.68941242923517,0.29686572707875325
Zentralafrikanische Republik,#Global,deaths,56.756979297079745,0.3247500569403079,99.10734474173844,0.19005092583923466,5.468335210258505,0.16256013658711768
Österreich,#Global,confirmed,17748.713355329095,151.23539822761424,35.85090302151559,0.6464622987269215,8.847351778121487,0.5651874417513995
Österreich,#Global,recovered,16601.05641653106,116.81020633444025,52.25431077386386,0.5072528690881335,9.566373477485564,0.4389281841064884
Österreich,#Global,deaths,686.5547239371572,2.6083690379545375,48.23892652258016,0.27477439721886293,9.128700912361785,0.23824222977359175
Australisches Hauptstadtterritorium,Australien,confirmed,107.9827179860112,0.32918601350342414,13.808841876631977,0.15856388392264495,3.6090634736899676,0.14003388014540016
Australisches Hauptstadtterritorium,Australien,recovered,104.94216993441003,0.3140498251251772,28.669186168155832,0.17095699509908593,5.092171406411381,0.14938555352730856
Australisches Hauptstadtterritorium,Australien,deaths,3.0000700557684676,0.014758870190479471,22.989758450401563,0.27112359121455576,4.444990994629699,0.23738578164086152
New South Wales,Australien,confirmed,3239.389944903719,19.286137007091888,62.06730006246352,0.3707738159680416,5.447335902762408,0.32392839393474754
New South Wales,Australien,recovered,2810.159604714704,17.254758307592812,86.68332762976182,0.3318913947564912,5.141942516295843,0.2895418819536557
New South Wales,Australien,deaths,48.97992240940519,0.15703965229067518,79.10172580750599,0.25156017403262926,11.619462991360566,0.21650899112010494
Northern Territory,Australien,confirmed,29.524508091559987,0.11457245898275864,25.000781395947204,0.20718591003116116,3.891473492533508,0.18146512411199206
Northern Territory,Australien,recovered,29.13091674688173,0.148982469263208,51.63728339901891,0.2811661331401697,5.4743519283649915,0.24507105597328704
Queensland,Australien,confirmed,1056.4811796710703,1.6741508575675872,58.044139813660024,0.09356344376403031,4.755826865075135,0.0818399108112997
Queensland,Australien,recovered,1050.5474026779693,3.229826493295827,78.55154540468396,0.18313763890831536,5.971937389984692,0.15960463682951287
Queensland,Australien,deaths,6.0361250845414265,0.026226994891254685,65.1833386852829,0.25374605776190373,4.960754347780443,0.22178620211600422
South Australia,Australien,confirmed,440.7567295023933,0.5236955719827502,54.27497329948152,0.06274357529950304,3.712207449601922,0.05496867093931047
South Australia,Australien,recovered,436.40032591638436,1.169305423915457,73.08911737989825,0.14849244825104838,4.934517771667367,0.12969456192658269
South Australia,Australien,deaths,3.9969547552304903,0.006935926613396533,67.2667666508389,0.048750521560091006,1.1165362396684526,0.042856005942918045
Tasmania,Australien,confirmed,228.92938816480248,0.48575242357375775,37.51048669839018,0.14867950985987663,7.965397935440896,0.12950309374267555
Tasmania,Australien,recovered,213.5673283222071,0.8244383138432744,54.527473185221,0.257060337261329,8.806117135290041,0.22234547866842175
Tasmania,Australien,deaths,13.085325480742695,0.04965086532434602,46.267639314688545,0.2377228951623851,6.773895956193754,0.20683918546539692
Victoria,Australien,confirmed,234260035.55023712,146631475896.96194,439.0109856200987,15739.279280327779,25.139187559431342,0.8468458509348155
Victoria,Australien,recovered,66618528.85532287,51965574175.09976,724.7576864274902,43280.20343943297,55.464864614613795,2.195309968887481
Victoria,Australien,deaths,2732446.985609698,2608717463.4637394,343.7343392879697,14843.495572981588,15.542880280531742,0.8374938019764401
Western Australia,Australien,confirmed,598.5876778150904,3.3899880236301145,29.863700086943975,0.37115100976713006,6.154946966071464,0.32445620425527105
Western Australia,Australien,recovered,594.7171249984895,3.309713478187985,48.50562481790907,0.38577086530852944,8.686550222914683,0.334431131138235
Western Australia,Australien,deaths,9.03747224428398,0.04227430212984323,39.246306169014865,0.3452042342827416,9.014146696825671,0.3006373464744967
Anhui,China,confirmed,991.0969170464037,0.3540043982457281,13.324915202078849,0.021863331557831576,3.535035367006359,0.019348186981499607
Anhui,China,recovered,979.4173869329101,5.687277996317717,29.382089354933953,0.3719090934798183,4.305207115625623,0.32598456495934364
Anhui,China,deaths,5.999538851216808,0.007372604198396905,19.519559056436147,0.042640181853389136,1.1433169042253781,0.037503164052798375
Chongqing,China,confirmed,579.1506455288117,0.49053640356869493,11.368029020834367,0.056801958269802805,4.205489863528871,0.05179646236577348
Chongqing,China,recovered,569.4047815937903,3.4208564479514663,29.637669741576506,0.45054994557161937,6.056456295633738,0.39473700696578806
Chongqing,China,deaths,6.013016670793457,0.01606234437975888,18.949729958334007,0.17834949139705195,4.394524983799102,0.15695561362435684
Fujian,China,confirmed,349.1135364381517,1.8282637381262972,13.931816753741183,0.4825786757810518,8.112072165035647,0.48069767552997356
Fujian,China,recovered,346.6268057207292,1.6313630196830444,33.483789407559534,0.40032313631618355,8.252413699368752,0.35140013997858455
Fujian,China,deaths,1.0000000000000095,,28.52755203914214,,0.017392968435403295,
Gansu,China,confirmed,150.9946707782213,1.2011440559001667,23.58192725998383,0.9728568717687163,17.747409499071424,1.0465733539582602
Gansu,China,recovered,146.46905149182362,1.191237190449543,38.57161308015448,0.8837591818245703,16.13822463118289,0.8207827291202424
Gansu,China,deaths,2.000000000000979,,16.000000000000043,,0.04319234804272619,
Guangdong,China,confirmed,1561.6156187156316,7.85841269961252,14.184490405305949,0.4076820370163189,6.343784222671378,0.38411871276288617
Guangdong,China,recovered,1568.5388003608618,6.860002613165119,34.65754638098119,0.405087194913182,10.15861825096608,0.35857857385946895
Guangdong,China,deaths,7.975736700339885,0.016631930425402595,27.5998849825339,0.13775571570669626,4.543394491835108,0.12073839205308011
Guangxi,China,confirmed,253.7529377584888,0.15785403072083096,12.2675941823011,0.04331375551461654,4.5764109002793205,0.039552863219821474
Guangxi,China,recovered,250.61886934413303,1.4972341089708414,32.99912422689896,0.44138055582834607,6.00481084734799,0.38626867540610205
Guangxi,China,deaths,2.0014248985071705,0.004773109242878328,19.50321424948749,0.09270184721933938,1.4402845510808047,0.08151024013788816
Guizhou,China,confirmed,146.82441650800607,0.12356839500637873,14.885459877870288,0.04962272791085708,3.301693547626456,0.043669716347383376
Guizhou,China,recovered,143.40857735420624,0.9123318155518422,29.722133597500687,0.4791296712531064,6.117857507320971,0.4197854675564109
Guizhou,China,deaths,2.0048600402425394,0.009120354813501583,20.033319756851895,0.31266295244051706,4.706558477237861,0.27517092983335584
Hainan,China,confirmed,169.37777825125815,0.16573312763270426,12.566058741842006,0.06601499579496943,4.301661292694016,0.05961642193501481
Hainan,China,recovered,162.2365439307671,0.9261908823759577,28.40332030244554,0.3813309187838487,4.677712989610106,0.3341659119290237
Hainan,China,deaths,5.997498993441822,0.0179379814967239,21.242932332955924,0.25509368202046007,7.558035083020169,0.23139641155694496
Hebei,China,confirmed,332.03754197527593,0.8614203698800067,15.488264120525894,0.18327929750572103,4.838997542597533,0.16395075911781312
Hebei,China,recovered,321.27631672733787,1.997412549360155,28.37554605330986,0.4212181929130189,4.820086018875058,0.3690909025593465
Hebei,China,deaths,6.025873582953811,0.02007508088258512,22.598104540230175,0.23939713215767755,5.26290757776317,0.21051556707667765
Heilongjiang,China,confirmed,982.8570424808634,12.636604322400524,48.15919831548195,1.5234230269741909,27.920173640952644,1.5325875994069804
Heilongjiang,China,recovered,980.5999494293804,14.925095556220812,71.03299570529333,1.6421189931391833,27.698777830476114,1.4042027369924586
Heilongjiang,China,deaths,12.992580887917828,0.021133589741152006,17.72669754298322,0.1047553280577994,4.065987386255222,0.09219051935139805
Henan,China,confirmed,1275.0084679525219,0.6003599327917785,12.721985142122836,0.028985063128440278,3.5629145220181107,0.02572483623335634
Henan,China,recovered,1255.170465693076,1.0083785190542733,27.962692125333998,0.05305360736715871,4.551393417494692,0.04649770263490384
Henan,China,deaths,21.98334549909321,0.03521987479629038,22.658626727332514,0.10340256808502159,4.187565411749535,0.09071674087056716
Hubei (Wuhan),China,confirmed,68016.55436730388,87.1474598778073,18.744709005740837,0.08471536039316337,4.299152235889133,0.07453907893470121
Hubei (Wuhan),China,recovered,63649.66694529028,48.36218945337026,39.747732545169356,0.05897254498304034,7.045026499352603,0.05151655754687045
Hubei (Wuhan),China,deaths,4513.168814194537,37.27604916100397,39.620071236501786,0.9602565336659108,20.174723028678674,0.9363675429036924
Hunan,China,confirmed,1018.6779372615025,0.5571847372055595,11.915431650885372,0.03351232182759715,3.509691317446823,0.029841246830452552
Hunan,China,recovered,1007.5190382544799,6.000430508597203,26.762741106026905,0.4418955814193981,5.799695143310663,0.38767036513240066
Hunan,China,deaths,4.005718224250399,0.00795749481430337,22.1742899568561,0.10169328346642509,2.573014467492949,0.08931170592582646
Innere Mongolei,China,confirmed,256.62501270336355,2.677337271528255,67.77298978153325,1.1451029239005635,28.785084262946885,0.9979300490654497
Innere Mongolei,China,recovered,253.27054581296582,2.6549535933509603,88.22632266340693,1.0226945979685984,26.84911766386841,0.7993010197583316
Innere Mongolei,China,deaths,1.0000000000000067,,38.49114941837281,,0.018444630722252203,
Jiangsu,China,confirmed,648.8630633023009,0.7305185206059102,13.783817493501061,0.07383174550660082,4.09274458090297,0.06577738835661595
Jiangsu,China,recovered,647.3996103358003,0.8054968743785733,28.95055539364034,0.08996567134531389,5.5679850066084215,0.07881622160691755
Jiangxi,China,confirmed,934.941743493774,0.4972055194470574,13.077334620849818,0.03185718607208681,3.3748024682769873,0.02815970201128692
Jiangxi,China,recovered,928.1718356624242,5.427131942218221,29.42755618904863,0.37995482418825294,4.441107197693416,0.3329933159473719
Jiangxi,China,deaths,1.0000000000000726,,18.500025901989584,,0.019944673233285748,
Jilin,China,confirmed,167.7169522030224,4.242830740516518,47.385011939233344,3.180718982606749,46.53310154102947,3.5753817016769784
Jilin,China,recovered,157.74391430995885,3.1918468104146487,61.34317838737794,2.3746366538835804,35.12591043055754,2.215905251930171
Jilin,China,deaths,2.4823792932403625,0.1794037850880587,86.72554807140975,10.10807632684756,56.68699613358509,6.5935617826544375
Liaoning,China,confirmed,172.32411879687146,4.0618251194786765,18.249003678620483,3.322172750517774,39.30621058896333,4.929024433886205
Liaoning,China,recovered,145.4280560336168,0.74975828708733,35.03631138149874,0.4837176028435488,10.511110781804126,0.42889555198968066
Liaoning,China,deaths,2.0209331416031864,0.018731007453637965,39.32184146209948,0.9528138272036499,13.776821883446592,0.8576989576401144
Ningxia,China,confirmed,74.92089160728946,0.09307480352866544,14.526188705870672,0.0884897019731499,4.887939840933541,0.0797624163131051
Ningxia,China,recovered,74.85576189937561,0.11200461604467297,26.466574088112505,0.10505215199567303,5.136912431732131,0.0920929262796597
Peking (Beijing),China,confirmed,1359.8916196674234,164.28663120186286,122.43265931803084,22.390904313502006,85.76274491912287,9.653854625591645
Peking (Beijing),China,recovered,721.3664775013339,15.203807196149675,64.68304356157627,2.41502231961503,31.8439189807325,2.175659747292593
Peking (Beijing),China,deaths,8.770099448473257,0.04326897407439121,29.226941277275962,0.44205272687660097,8.990853498813609,0.393637242748498
Qinghai,China,confirmed,18.024733231973382,0.027626308592333348,5.956837326614383,0.08352374142612055,2.6599595553565862,0.07807516479611154
Qinghai,China,recovered,18.011062194412094,0.02760996147515488,18.798569247684473,0.0833458195364134,2.9081913763514757,0.07318036590232728
Shaanxi,China,confirmed,306.90973047081064,2.842433933182735,15.689927286549057,1.3340263124177858,20.283383966974146,1.5567589299400828
Shaanxi,China,recovered,290.40251529214885,2.296770578267115,33.288569049593825,0.743781486696366,10.501804116757809,0.6628924558946573
Shaanxi,China,deaths,3.02367545848279,0.01758076055948656,44.57261297690438,0.45407580310279194,7.4899746389397,0.3961967611744795
Shandong,China,confirmed,786.8035091227855,1.7758539212608593,17.70725884511782,0.1863368941597117,6.8385948383107635,0.17114256682279988
Shandong,China,recovered,777.6956988460565,1.3196756022949914,35.15957280663616,0.1342195255215499,7.094224972747619,0.11739623081221759
Shandong,China,deaths,6.9708342543778805,0.01828447971856106,28.812653033712913,0.18551038092211053,5.302740162442428,0.16251864892762402
Shanghai,China,confirmed,733.2396612820244,6.169958400782257,44.884150379846616,1.0226498729964129,30.335635369126663,1.0881718738093187
Shanghai,China,recovered,703.7668643015398,5.987594951962709,61.501927174590456,0.946940293955402,25.501461507525676,0.8507559993441313
Shanghai,China,deaths,7.135461105032432,0.04748517570112524,49.531460257401726,0.7069296562303169,17.0713759010109,0.6311048155040186
Shanxi,China,confirmed,201.73394722946895,2.2834616276703894,27.729211118622747,1.5009029403772822,27.921896157873896,1.8106536722552526
Shanxi,China,recovered,198.33432815033265,2.2386440272046344,46.87840462639516,1.319426693821939,23.780761839709754,1.2801999004973665
Sichuan,China,confirmed,569.9925296671065,1.689071445804511,14.214652970811864,0.22736590591975028,5.683904848597773,0.20994488388591845
Sichuan,China,recovered,565.8838490146677,1.2906820376991142,34.002507172642446,0.19156701732618078,8.0498838952288,0.16794448131547543
Sichuan,China,deaths,3.015682524970638,0.01687326716433899,19.67149998391952,0.41775181172171777,5.601460217098851,0.37074976027328965
Tianjin,China,confirmed,197.0470011435067,1.3960204357254578,26.562797682860797,0.8992502149596929,21.08527642963033,0.991697287165698
Tianjin,China,recovered,189.0151895975086,1.3359090543721142,42.37813164745323,0.7538229418906927,15.792198989464813,0.6839600708582579
Tianjin,China,deaths,3.005067290889496,0.007606294149124518,18.508235919153524,0.12265669091009222,2.2478415527360345,0.10776395162314112
Tibet,China,confirmed,1.0000000000019127,,-228.45030120146015,,9.503227049810414,
Tibet,China,recovered,0.9943502824858984,0.005481031101790495,12.148956792460671,,0.01568650907385153,
Xinjiang,China,confirmed,1052.7883716901051,199.0834018612559,190.1126011673097,2.115634933807832,4.732159840348326,0.8431991283341157
Xinjiang,China,recovered,74.78618598372357,0.5859560750184176,32.707877871427506,0.4810549269767872,4.0519082033521805,0.4216993377448259
Xinjiang,China,deaths,3.0074295249869447,0.00944274897097256,28.79292787394682,0.1972845844422769,4.144685661571127,0.1729504902638023
Yunnan,China,confirmed,182.9734603039254,0.45449205858850655,10.973699516997822,0.1725275468266411,4.49378520830273,0.159778747282439
Yunnan,China,recovered,180.2640648361528,0.37247343029951807,29.73933123664882,0.13465477330535733,4.477438285685374,0.11800547721737173
Yunnan,China,deaths,2.0000000000013354,,28.000000000000057,,0.04365835113134058,
Zhejiang,China,confirmed,1254.3606369592105,2.107817417421476,10.99664998879546,0.10465560453988637,3.6056276374291807,0.09404924123839242
Zhejiang,China,recovered,1257.9502328373867,1.493829056257034,29.03699722376653,0.09249741142324999,6.554494114542661,0.08114316399251127
Zhejiang,China,deaths,1.0000000000000095,,28.52755203914214,,0.017392968435403295,
Saint Barthélemy,Frankreich,confirmed,6.260106984552473,0.07254563802362193,15.07038334575017,0.9485416869863179,8.869922488217073,0.9500480184311336
Saint Barthélemy,Frankreich,recovered,6.016408671535381,0.025561156142884126,39.571813009322035,0.2083769211357946,3.7157842985770113,0.182406842035079
Bermuda,Großbritannien,confirmed,147.15600879616744,0.8235104847537157,30.242417124790407,0.43869625375171134,12.434580370427772,0.4049168623116059
Bermuda,Großbritannien,recovered,144.39875758163586,1.0230103672266253,56.86870434274802,0.515597498961927,18.523365739413755,0.4234853321137104
Bermuda,Großbritannien,deaths,9.016410400040835,0.06813966386879565,31.88184668083388,0.5381437605910603,9.66207166947043,0.4751239795516845
Alberta,Kanada,confirmed,9174.350488120965,138.95133722389485,58.79673315234108,1.202056818866027,18.37428945188624,1.011201326273265
Alberta,Kanada,recovered,7598.146627692114,95.69551201925246,71.54854506062104,0.5307590751150265,4.042327109212199,0.46296020231019586
Alberta,Kanada,deaths,166.93769891460127,1.5261932400077083,55.95747331502618,0.698773205257812,14.73243137858538,0.5963699863478126
British Columbia,Kanada,confirmed,3135.443134603227,33.81914082236742,83.37080531592368,0.9636756964155468,19.549815015070724,0.8003032947933227
British Columbia,Kanada,recovered,2582.556689862372,27.646991261050424,108.30113912467772,0.3736997075105401,2.6186830669167813,0.32716197386456297
British Columbia,Kanada,deaths,183.1783092499559,0.9490847905913659,88.87350380035274,0.4176691558499233,15.51023370850485,0.35231645747725904
Manitoba,Kanada,confirmed,324.1394007811039,3.9744161909351923,23.892119947840392,0.9085856562367389,8.857498981240294,0.826269909388812
Manitoba,Kanada,recovered,297.7755133401749,1.884507627168422,61.7570867411188,0.4100300436337913,0.1426543817565384,0.23934291806481411
Manitoba,Kanada,deaths,7.090139978586306,0.03516881623112252,29.744133153138247,0.3253779705349048,7.071113816100218,0.2845867983110416
Neufundland und Labrador,Kanada,confirmed,260.38152165477345,0.5737039873668559,14.947558404608465,0.11665500694029446,3.8531599679718864,0.10292293514038267
Neufundland und Labrador,Kanada,recovered,256.8928577180516,0.22725796332503936,59.75062125533121,3.017517938696322,0.07492954477322286,0.9066550505119739
Neufundland und Labrador,Kanada,deaths,3.011529779910926,0.015295488349261322,22.43640517104547,0.22973402659180234,2.9472120873133445,0.20141215885154146
Neuschottland,Kanada,confirmed,1062.0232109813933,0.9369031342068497,29.416430871695315,0.05909509002089384,7.678744619204438,0.05182256108561789
Neuschottland,Kanada,recovered,991.5596973066386,1.492535652014096,58.75507726438247,0.5341965130676432,0.10210704733595845,0.2226379178636268
Neuschottland,Kanada,deaths,62.435676194750485,0.15065338748858584,46.69221710492192,0.14156795564535757,7.030617404693014,0.12283814215498108
New Brunswick,Kanada,confirmed,161.91951474328326,2.6105063741516457,30.31575039533514,1.4817976715454573,19.88832917523102,1.5662741588773166
New Brunswick,Kanada,recovered,144.0021751216811,1.645460821792595,63.758699328182225,0.4729085654304914,0.16026718201504384,0.3095189252217368
New Brunswick,Kanada,deaths,2.01119207937093,0.016062480969687657,89.05684450983931,0.2560094456167071,3.2705896719768837,0.22303036923617328
Nordwest-Territorien,Kanada,confirmed,5.014599433766953,0.023962060688156636,12.283144812055507,0.1926261599723537,2.2306647002681856,0.16915828499538998
Nordwest-Territorien,Kanada,recovered,5.000000000004428,,53.50007755268065,,0.02144671241166268,
Ontario,Kanada,confirmed,39808.55706835082,249.45208909266475,103.12822975786936,0.4820751940566186,18.48555049002163,0.3878261809804691
Ontario,Kanada,recovered,34304.60782475715,391.2043382177359,119.32926963491897,0.6444897209582211,10.451019227775765,0.5458325179950746
Ontario,Kanada,deaths,2743.125671024366,9.360511405473142,98.8546108612583,0.24046016185060148,12.297238841806644,0.20477335582209233
Prinz Edward Insel,Kanada,confirmed,29.245099728655788,0.3397917643421423,15.575142508723749,0.6901356903476431,4.967670172373363,0.6174607380110493
Prinz Edward Insel,Kanada,recovered,28.714287327313965,0.2742504464680723,59.74791111648545,4.77801861148633,0.09144337871190754,1.7328878652465451
Québec,Kanada,confirmed,57143.73197554686,183.2347201580643,62.953151390072144,0.24128949809170858,13.908568916111522,0.20517704514489923
Québec,Kanada,recovered,85787.56855220195,12964.039461481496,144.4295514319876,8.628247342886397,27.97817887299204,2.4055302630239987
Québec,Kanada,deaths,5627.5226581861025,18.831259762072897,72.45514002437183,0.2290546024212899,12.856988967308254,0.19378699773639413
Saskatchewan,Kanada,confirmed,2468.32531671114,570.4128880759943,145.41872012690516,23.907849222712404,55.82932272902415,5.463566695160604
Saskatchewan,Kanada,recovered,801.4784029716762,16.43448443584559,70.88107595615105,1.1718739700871537,10.067185196166012,0.9971835129101374
Saskatchewan,Kanada,deaths,17.70924613620582,0.3878912523917257,72.05150758178935,1.7216796726099028,26.457999592632493,1.1688133025638674
Aruba,Niederlande,confirmed,105.87332206331514,0.9788283577289274,19.57276064629834,0.5819511509253771,5.76753733517684,0.5165462949065418
Aruba,Niederlande,recovered,98.87831304137042,0.45051484926898894,37.64382243598205,0.2912289419647345,7.321276871727514,0.2533038870848401
Aruba,Niederlande,deaths,2.987029777461273,0.02809248718398845,38.717862500244316,0.5694773344170393,6.523205160254238,0.49565684567789065
